-- MySQL Administrator dump 1.4
--
-- ------------------------------------------------------
-- Server version	5.0.33-community-nt


/*!40101 SET @OLD_CHARACTER_SET_CLIENT=@@CHARACTER_SET_CLIENT */;
/*!40101 SET @OLD_CHARACTER_SET_RESULTS=@@CHARACTER_SET_RESULTS */;
/*!40101 SET @OLD_COLLATION_CONNECTION=@@COLLATION_CONNECTION */;
/*!40101 SET NAMES utf8 */;

/*!40014 SET @OLD_UNIQUE_CHECKS=@@UNIQUE_CHECKS, UNIQUE_CHECKS=0 */;
/*!40014 SET @OLD_FOREIGN_KEY_CHECKS=@@FOREIGN_KEY_CHECKS, FOREIGN_KEY_CHECKS=0 */;
/*!40101 SET @OLD_SQL_MODE=@@SQL_MODE, SQL_MODE='NO_AUTO_VALUE_ON_ZERO' */;


--
-- Create schema sharelife
--

CREATE DATABASE IF NOT EXISTS sharelife;
USE sharelife;

--
-- Definition of table `certificate`
--

DROP TABLE IF EXISTS `certificate`;
CREATE TABLE `certificate` (
  `organization_id` int(10) unsigned NOT NULL,
  `certificate` varchar(100) NOT NULL
) ENGINE=InnoDB DEFAULT CHARSET=latin1;

--
-- Dumping data for table `certificate`
--

/*!40000 ALTER TABLE `certificate` DISABLE KEYS */;
INSERT INTO `certificate` (`organization_id`,`certificate`) VALUES 
 (2,'VI Sem CSE  Schema.pdf'),
 (2,'VI Sem CSE  Schema.pdf'),
 (2,'VI Sem CSE Syl.pdf'),
 (2,'VI Sem CSE  Schema.pdf'),
 (2,'VI Sem CSE Syl.pdf'),
 (5,'VI Sem CSE Syl.pdf'),
 (5,'VI Sem CSE  Schema.pdf'),
 (6,'VI Sem CSE  Schema.pdf'),
 (6,'VI Sem CSE Syl.pdf'),
 (7,'A1300118120812.pdf'),
 (5,'A1300118120812.pdf'),
 (5,'Download File.pdf'),
 (5,'74226261_FDSummary.pdf'),
 (5,'Download File.pdf'),
 (5,'A1300118120812.pdf'),
 (5,'VI Sem CSE  Schema.pdf'),
 (5,'VI Sem CSE Syl.pdf'),
 (5,'74226261_FDSummary.pdf'),
 (5,'Download File.pdf'),
 (5,'A1300118120812.pdf');
/*!40000 ALTER TABLE `certificate` ENABLE KEYS */;


--
-- Definition of table `cities`
--

DROP TABLE IF EXISTS `cities`;
CREATE TABLE `cities` (
  `cityid` int(10) unsigned NOT NULL,
  `stateid` int(10) unsigned NOT NULL,
  `cityname` varchar(100) NOT NULL,
  PRIMARY KEY  (`cityid`)
) ENGINE=InnoDB DEFAULT CHARSET=latin1;

--
-- Dumping data for table `cities`
--

/*!40000 ALTER TABLE `cities` DISABLE KEYS */;
INSERT INTO `cities` (`cityid`,`stateid`,`cityname`) VALUES 
 (1,1,'Port Blair'),
 (2,2,'Visakhapatnam'),
 (3,2,'Vijayawada'),
 (4,2,'Guntur'),
 (5,2,'Nellore'),
 (6,2,'Kurnool'),
 (7,2,'Rajahmundry'),
 (8,2,'Kakinada'),
 (9,2,'Tirupati'),
 (10,2,'Anantapur'),
 (11,2,'Kadapa'),
 (12,2,'Vizianagaram'),
 (13,2,'Eluru'),
 (14,2,'Ongole'),
 (15,2,'Nandyal'),
 (16,2,'Machilipatnam'),
 (17,2,'Adoni'),
 (18,2,'Tenali'),
 (19,2,'Chittoor'),
 (20,2,'Hindupur'),
 (21,2,'Proddatur'),
 (22,2,'Bhimavaram'),
 (23,2,'Madanapalle'),
 (24,2,'Guntakal'),
 (25,2,'Dharmavaram'),
 (26,2,'Gudivada'),
 (27,2,'Srikakulam'),
 (28,2,'Narasaraopet'),
 (29,2,'Rajampet'),
 (30,2,'Tadpatri'),
 (31,2,'Tadepalligudem'),
 (32,2,'Chilakaluripet'),
 (33,2,'Yemmiganur'),
 (34,2,'Kadiri'),
 (35,2,'Chirala'),
 (36,2,'Anakapalle'),
 (37,2,'Kavali'),
 (38,2,'Palacole'),
 (39,2,'Sullurpeta'),
 (40,2,'Tanuku'),
 (41,2,'Rayachoti'),
 (42,2,'Srikalahasti'),
 (43,2,'Bapatla'),
 (44,2,'Naidupet'),
 (45,2,'Nagari'),
 (46,2,'Gudur'),
 (47,2,'Vinukonda'),
 (48,2,'Narasapuram'),
 (49,2,'Nuzvid'),
 (50,2,'Markapur'),
 (51,2,'Ponnur'),
 (52,2,'Kandukur'),
 (53,2,'Bobbili'),
 (54,2,'Rayadurg'),
 (55,2,'Samalkot'),
 (56,2,'Jaggaiahpet'),
 (57,2,'Tuni'),
 (58,2,'Amalapuram'),
 (59,2,'Bheemunipatnam'),
 (60,2,'Venkatagiri'),
 (61,2,'Sattenapalle'),
 (62,2,'Pithapuram'),
 (63,2,'Palasa Kasibugga'),
 (64,2,'Parvathipuram'),
 (65,2,'Macherla'),
 (66,2,'Gooty'),
 (67,2,'Salur'),
 (68,2,'Mandapeta'),
 (69,2,'Jammalamadugu'),
 (70,2,'Peddapuram'),
 (71,2,'Punganur'),
 (72,2,'Nidadavole'),
 (73,2,'Repalle'),
 (74,2,'Ramachandrapuram'),
 (75,2,'Kovvur'),
 (76,2,'Tiruvuru'),
 (77,2,'Uravakonda'),
 (78,2,'Narsipatnam'),
 (79,2,'Yerraguntla'),
 (80,2,'Pedana'),
 (81,2,'Puttur'),
 (82,2,'Renigunta'),
 (83,2,'Rajam'),
 (84,2,'Srisailam Project (Right Flank Colony) Township'),
 (85,3,'Naharlagun'),
 (86,3,'Pasighat'),
 (87,4,'Guwahati'),
 (88,4,'Silchar'),
 (89,4,'Dibrugarh'),
 (90,4,'Nagaon'),
 (91,4,'Tinsukia'),
 (92,4,'Jorhat'),
 (93,4,'Bongaigaon City'),
 (94,4,'Dhubri'),
 (95,4,'Diphu'),
 (96,4,'North Lakhimpur'),
 (97,4,'Tezpur'),
 (98,4,'Karimganj'),
 (99,4,'Sibsagar'),
 (100,4,'Goalpara'),
 (101,4,'Barpeta'),
 (102,4,'Lanka'),
 (103,4,'Lumding'),
 (104,4,'Mankachar'),
 (105,4,'Nalbari'),
 (106,4,'Rangia'),
 (107,4,'Margherita'),
 (108,4,'Mangaldoi'),
 (109,4,'Silapathar'),
 (110,4,'Mariani'),
 (111,4,'Marigaon'),
 (112,5,'Patna'),
 (113,6,'Gaya'),
 (114,6,'Bhagalpur'),
 (115,6,'Muzaffarpur'),
 (116,6,'Darbhanga'),
 (117,6,'Arrah'),
 (118,6,'Begusarai'),
 (119,6,'Chhapra'),
 (120,6,'Katihar'),
 (121,6,'Munger'),
 (122,6,'Purnia'),
 (123,6,'Saharsa'),
 (124,6,'Sasaram'),
 (125,6,'Hajipur'),
 (126,6,'Dehri-on-Sone'),
 (127,6,'Bettiah'),
 (128,6,'Motihari'),
 (129,6,'Bagaha'),
 (130,6,'Siwan'),
 (131,6,'Kishanganj'),
 (132,6,'Jamalpur'),
 (133,6,'Buxar'),
 (134,6,'Jehanabad'),
 (135,6,'Aurangabad'),
 (136,6,'Lakhisarai'),
 (137,6,'Nawada'),
 (138,6,'Jamui'),
 (139,6,'Sitamarhi'),
 (140,6,'Araria'),
 (141,6,'Gopalganj'),
 (142,6,'Madhubani'),
 (143,6,'Masaurhi'),
 (144,6,'Samastipur'),
 (145,6,'Mokameh'),
 (146,6,'Supaul'),
 (147,6,'Dumraon'),
 (148,6,'Arwal'),
 (149,6,'Forbesganj'),
 (150,6,'BhabUrban Agglomeration'),
 (151,6,'Narkatiaganj'),
 (152,6,'Naugachhia'),
 (153,6,'Madhepura'),
 (154,6,'Sheikhpura'),
 (155,6,'Sultanganj'),
 (156,6,'Raxaul Bazar'),
 (157,6,'Ramnagar'),
 (158,6,'Mahnar Bazar'),
 (159,6,'Warisaliganj'),
 (160,6,'Revelganj'),
 (161,6,'Rajgir'),
 (162,6,'Sonepur'),
 (163,6,'Sherghati'),
 (164,6,'Sugauli'),
 (165,6,'Makhdumpur'),
 (166,6,'Maner'),
 (167,6,'Rosera'),
 (168,6,'Nokha'),
 (169,6,'Piro'),
 (170,6,'Rafiganj'),
 (171,6,'Marhaura'),
 (172,6,'Mirganj'),
 (173,6,'Lalganj'),
 (174,6,'Murliganj'),
 (175,6,'Motipur'),
 (176,6,'Manihari'),
 (177,6,'Sheohar'),
 (178,6,'Maharajganj'),
 (179,6,'Silao'),
 (180,6,'Barh'),
 (181,6,'Chandigarh'),
 (182,7,'Raipur'),
 (183,7,'Bhilai Nagar'),
 (184,7,'Korba'),
 (185,7,'Bilaspur'),
 (186,7,'Durg'),
 (187,7,'Rajnandgaon'),
 (188,7,'Jagdalpur'),
 (189,7,'Raigarh'),
 (190,7,'Ambikapur'),
 (191,7,'Mahasamund'),
 (192,7,'Dhamtari'),
 (193,7,'Chirmiri'),
 (194,7,'Bhatapara'),
 (195,7,'Dalli-Rajhara'),
 (196,7,'Naila Janjgir'),
 (197,7,'Tilda Newra'),
 (198,7,'Mungeli'),
 (199,7,'Manendragarh'),
 (200,7,'Sakti'),
 (201,8,'Silvassa'),
 (202,9,'Daman'),
 (203,9,'Diu'),
 (204,10,'Delhi'),
 (205,10,'New Delhi'),
 (206,11,'Marmagao'),
 (207,11,'Panaji'),
 (208,11,'Margao'),
 (209,11,'Mapusa'),
 (210,12,'Ahmedabad'),
 (211,12,'Surat'),
 (212,12,'Vadodara'),
 (213,12,'Rajkot'),
 (214,12,'Bhavnagar'),
 (215,12,'Jamnagar'),
 (216,12,'Nadiad'),
 (217,12,'Porbandar'),
 (218,12,'Anand'),
 (219,12,'Morvi'),
 (220,12,'Mahesana'),
 (221,12,'Bharuch'),
 (222,12,'Vapi'),
 (223,12,'Navsari'),
 (224,12,'Veraval'),
 (225,12,'Bhuj'),
 (226,12,'Godhra'),
 (227,12,'Palanpur'),
 (228,12,'Valsad'),
 (229,12,'Patan'),
 (230,12,'Deesa'),
 (231,12,'Amreli'),
 (232,12,'Anjar'),
 (233,12,'Dhoraji'),
 (234,12,'Khambhat'),
 (235,12,'Mahuva'),
 (236,12,'Keshod'),
 (237,12,'Wadhwan'),
 (238,12,'Ankleshwar'),
 (239,12,'Savarkundla'),
 (240,12,'Kadi'),
 (241,12,'Visnagar'),
 (242,12,'Upleta'),
 (243,12,'Una'),
 (244,12,'Sidhpur'),
 (245,12,'Unjha'),
 (246,12,'Mangrol'),
 (247,12,'Viramgam'),
 (248,12,'Modasa'),
 (249,12,'Palitana'),
 (250,12,'Petlad'),
 (251,12,'Kapadvanj'),
 (252,12,'Sihor'),
 (253,12,'Wankaner'),
 (254,12,'Limbdi'),
 (255,12,'Mandvi'),
 (256,12,'Thangadh'),
 (257,12,'Vyara'),
 (258,12,'Padra'),
 (259,12,'Lunawada'),
 (260,12,'Rajpipla'),
 (261,12,'Vapi'),
 (262,12,'Umreth'),
 (263,12,'Sanand'),
 (264,12,'Rajula'),
 (265,12,'Radhanpur'),
 (266,12,'Mahemdabad'),
 (267,12,'Ranavav'),
 (268,12,'Tharad'),
 (269,12,'Mansa'),
 (270,12,'Umbergaon'),
 (271,12,'Talaja'),
 (272,12,'Vadnagar'),
 (273,12,'Manavadar'),
 (274,12,'Salaya'),
 (275,12,'Vijapur'),
 (276,12,'Pardi'),
 (277,12,'Rapar'),
 (278,12,'Songadh'),
 (279,12,'Lathi'),
 (280,12,'Adalaj'),
 (281,12,'Chhapra'),
 (282,13,'Faridabad'),
 (283,13,'Gurgaon'),
 (284,13,'Hisar'),
 (285,13,'Rohtak'),
 (286,13,'Panipat'),
 (287,13,'Karnal'),
 (288,13,'Sonipat'),
 (289,13,'Yamunanagar'),
 (290,13,'Panchkula'),
 (291,13,'Bhiwani'),
 (292,13,'Bahadurgarh'),
 (293,13,'Jind'),
 (294,13,'Sirsa'),
 (295,13,'Thanesar'),
 (296,13,'Kaithal'),
 (297,13,'Palwal'),
 (298,13,'Rewari'),
 (299,13,'Hansi'),
 (300,13,'Narnaul'),
 (301,13,'Fatehabad'),
 (302,13,'Gohana'),
 (303,13,'Tohana'),
 (304,13,'Narwana'),
 (305,13,'Mandi Dabwali'),
 (306,13,'Charkhi Dadri'),
 (307,13,'Shahbad'),
 (308,13,'Pehowa'),
 (309,13,'Samalkha'),
 (310,13,'Pinjore'),
 (311,13,'Ladwa'),
 (312,13,'Sohna'),
 (313,13,'Safidon'),
 (314,13,'Taraori'),
 (315,13,'Mahendragarh'),
 (316,13,'Ratia'),
 (317,13,'Rania'),
 (318,13,'Sarsod'),
 (319,14,'Shimla'),
 (320,14,'Mandi'),
 (321,14,'Solan'),
 (322,14,'Nahan'),
 (323,14,'Sundarnagar'),
 (324,14,'Palampur'),
 (325,15,'Srinagar'),
 (326,15,'Jammu'),
 (327,15,'Baramula'),
 (328,15,'Anantnag'),
 (329,15,'Sopore'),
 (330,15,'KathUrban Agglomeration'),
 (331,15,'Rajauri'),
 (332,15,'Punch'),
 (333,15,'Udhampur'),
 (334,16,'Dhanbad'),
 (335,16,'Ranchi'),
 (336,16,'Jamshedpur'),
 (337,16,'Bokaro Steel City'),
 (338,16,'Deoghar'),
 (339,16,'Phusro'),
 (340,16,'Adityapur'),
 (341,16,'Hazaribag'),
 (342,16,'Giridih'),
 (343,16,'Ramgarh'),
 (344,16,'Jhumri Tilaiya'),
 (345,16,'Saunda'),
 (346,16,'Sahibganj'),
 (347,16,'Medininagar (Daltonganj)'),
 (348,16,'Chaibasa'),
 (349,16,'Chatra'),
 (350,16,'Gumia'),
 (351,16,'Dumka'),
 (352,16,'Madhupur'),
 (353,16,'Chirkunda'),
 (354,16,'Pakaur'),
 (355,16,'Simdega'),
 (356,16,'Musabani'),
 (357,16,'Mihijam'),
 (358,16,'Patratu'),
 (359,16,'Lohardaga'),
 (360,16,'Tenu dam-cum-Kathhara'),
 (361,17,'Bengaluru'),
 (362,17,'Hubli-Dharwad'),
 (363,17,'Belagavi'),
 (364,17,'Mangaluru'),
 (365,17,'Davanagere'),
 (366,17,'Ballari'),
 (367,17,'Tumkur'),
 (368,17,'Shivamogga'),
 (369,17,'Raayachuru'),
 (370,17,'Robertson Pet'),
 (371,17,'Kolar'),
 (372,17,'Mandya'),
 (373,17,'Udupi'),
 (374,17,'Chikkamagaluru'),
 (375,17,'Karwar'),
 (376,17,'Ranebennuru'),
 (377,17,'Ranibennur'),
 (378,17,'Ramanagaram'),
 (379,17,'Gokak'),
 (380,17,'Yadgir'),
 (381,17,'Rabkavi Banhatti'),
 (382,17,'Shahabad'),
 (383,17,'Sirsi'),
 (384,17,'Sindhnur'),
 (385,17,'Tiptur'),
 (386,17,'Arsikere'),
 (387,17,'Nanjangud'),
 (388,17,'Sagara'),
 (389,17,'Sira'),
 (390,17,'Puttur'),
 (391,17,'Athni'),
 (392,17,'Mulbagal'),
 (393,17,'Surapura'),
 (394,17,'Siruguppa'),
 (395,17,'Mudhol'),
 (396,17,'Sidlaghatta'),
 (397,17,'Shahpur'),
 (398,17,'Saundatti-Yellamma'),
 (399,17,'Wadi'),
 (400,17,'Manvi'),
 (401,17,'Nelamangala'),
 (402,17,'Lakshmeshwar'),
 (403,17,'Ramdurg'),
 (404,17,'Nargund'),
 (405,17,'Tarikere'),
 (406,17,'Malavalli'),
 (407,17,'Savanur'),
 (408,17,'Lingsugur'),
 (409,17,'Vijayapura'),
 (410,17,'Sankeshwara'),
 (411,17,'Madikeri'),
 (412,17,'Talikota'),
 (413,17,'Sedam'),
 (414,17,'Shikaripur'),
 (415,17,'Mahalingapura'),
 (416,17,'Mudalagi'),
 (417,17,'Muddebihal'),
 (418,17,'Pavagada'),
 (419,17,'Malur'),
 (420,17,'Sindhagi'),
 (421,17,'Sanduru'),
 (422,17,'Afzalpur'),
 (423,17,'Maddur'),
 (424,17,'Madhugiri'),
 (425,17,'Tekkalakote'),
 (426,17,'Terdal'),
 (427,17,'Mudabidri'),
 (428,17,'Magadi'),
 (429,17,'Navalgund'),
 (430,17,'Shiggaon'),
 (431,17,'Shrirangapattana'),
 (432,17,'Sindagi'),
 (433,17,'Sakaleshapura'),
 (434,17,'Srinivaspur'),
 (435,17,'Ron'),
 (436,17,'Mundargi'),
 (437,17,'Sadalagi'),
 (438,17,'Piriyapatna'),
 (439,17,'Adyar'),
 (440,17,'Mysore'),
 (441,18,'Thiruvananthapuram'),
 (442,18,'Kochi'),
 (443,18,'Kozhikode'),
 (444,18,'Kollam'),
 (445,18,'Thrissur'),
 (446,18,'Palakkad'),
 (447,18,'Alappuzha'),
 (448,18,'Malappuram'),
 (449,18,'Ponnani'),
 (450,18,'Vatakara'),
 (451,18,'Kanhangad'),
 (452,18,'Taliparamba'),
 (453,18,'Koyilandy'),
 (454,18,'Neyyattinkara'),
 (455,18,'Kayamkulam'),
 (456,18,'Nedumangad'),
 (457,18,'Kannur'),
 (458,18,'Tirur'),
 (459,18,'Kottayam'),
 (460,18,'Kasaragod'),
 (461,18,'Kunnamkulam'),
 (462,18,'Ottappalam'),
 (463,18,'Thiruvalla'),
 (464,18,'Thodupuzha'),
 (465,18,'Chalakudy'),
 (466,18,'Changanassery'),
 (467,18,'Punalur'),
 (468,18,'Nilambur'),
 (469,18,'Cherthala'),
 (470,18,'Perinthalmanna'),
 (471,18,'Mattannur'),
 (472,18,'Shoranur'),
 (473,18,'Varkala'),
 (474,18,'Paravoor'),
 (475,18,'Pathanamthitta'),
 (476,18,'Peringathur'),
 (477,18,'Attingal'),
 (478,18,'Kodungallur'),
 (479,18,'Pappinisseri'),
 (480,18,'Chittur-Thathamangalam'),
 (481,18,'Muvattupuzha'),
 (482,18,'Adoor'),
 (483,18,'Mavelikkara'),
 (484,18,'Mavoor'),
 (485,18,'Perumbavoor'),
 (486,18,'Vaikom'),
 (487,18,'Palai'),
 (488,18,'Panniyannur'),
 (489,18,'Guruvayoor'),
 (490,18,'Puthuppally'),
 (491,18,'Panamattom'),
 (492,19,'Kavaritti'),
 (493,19,'Minicoy'),
 (494,19,'Amini'),
 (495,19,'Lakshadweep'),
 (496,20,'Indore'),
 (497,20,'Bhopal'),
 (498,20,'Jabalpur'),
 (499,20,'Gwalior'),
 (500,20,'Ujjain'),
 (501,20,'Sagar'),
 (502,20,'Ratlam'),
 (503,20,'Satna'),
 (504,20,'Murwara (Katni)'),
 (505,20,'Morena'),
 (506,20,'Singrauli'),
 (507,20,'Rewa'),
 (508,20,'Vidisha'),
 (509,20,'Ganjbasoda'),
 (510,20,'Shivpuri'),
 (511,20,'Mandsaur'),
 (512,20,'Neemuch'),
 (513,20,'Nagda'),
 (514,20,'Itarsi'),
 (515,20,'Sarni'),
 (516,20,'Sehore'),
 (517,20,'Mhow Cantonment'),
 (518,20,'Seoni'),
 (519,20,'Balaghat'),
 (520,20,'Ashok Nagar'),
 (521,20,'Tikamgarh'),
 (522,20,'Shahdol'),
 (523,20,'Pithampur'),
 (524,20,'Alirajpur'),
 (525,20,'Mandla'),
 (526,20,'Sheopur'),
 (527,20,'Shajapur'),
 (528,20,'Panna'),
 (529,20,'Raghogarh-Vijaypur'),
 (530,20,'Sendhwa'),
 (531,20,'Sidhi'),
 (532,20,'Pipariya'),
 (533,20,'Shujalpur'),
 (534,20,'Sironj'),
 (535,20,'Pandhurna'),
 (536,20,'Nowgong'),
 (537,20,'Mandideep'),
 (538,20,'Sihora'),
 (539,20,'Raisen'),
 (540,20,'Lahar'),
 (541,20,'Maihar'),
 (542,20,'Sanawad'),
 (543,20,'Sabalgarh'),
 (544,20,'Umaria'),
 (545,20,'Porsa'),
 (546,20,'Narsinghgarh'),
 (547,20,'Malaj Khand'),
 (548,20,'Sarangpur'),
 (549,20,'Mundi'),
 (550,20,'Nepanagar'),
 (551,20,'Pasan'),
 (552,20,'Mahidpur'),
 (553,20,'Seoni-Malwa'),
 (554,20,'Rehli'),
 (555,20,'Manawar'),
 (556,20,'Rahatgarh'),
 (557,20,'Panagar'),
 (558,20,'Wara Seoni'),
 (559,20,'Tarana'),
 (560,20,'Sausar'),
 (561,20,'Rajgarh'),
 (562,20,'Niwari'),
 (563,20,'Mauganj'),
 (564,20,'Manasa'),
 (565,20,'Nainpur'),
 (566,20,'Prithvipur'),
 (567,20,'Sohagpur'),
 (568,20,'Nowrozabad (Khodargama)'),
 (569,20,'Shamgarh'),
 (570,20,'Maharajpur'),
 (571,20,'Multai'),
 (572,20,'Pali'),
 (573,20,'Pachore'),
 (574,20,'Rau'),
 (575,20,'Mhowgaon'),
 (576,20,'Vijaypur'),
 (577,20,'Narsinghgarh'),
 (578,21,'Mumbai'),
 (579,21,'Pune'),
 (580,21,'Nagpur'),
 (581,21,'Thane'),
 (582,21,'Nashik'),
 (583,21,'Kalyan-Dombivali'),
 (584,21,'Vasai-Virar'),
 (585,21,'Solapur'),
 (586,21,'Mira-Bhayandar'),
 (587,21,'Bhiwandi'),
 (588,21,'Amravati'),
 (589,21,'Nanded-Waghala'),
 (590,21,'Sangli'),
 (591,21,'Malegaon'),
 (592,21,'Akola'),
 (593,21,'Latur'),
 (594,21,'Dhule'),
 (595,21,'Ahmednagar'),
 (596,21,'Ichalkaranji'),
 (597,21,'Parbhani'),
 (598,21,'Panvel'),
 (599,21,'Yavatmal'),
 (600,21,'Achalpur'),
 (601,21,'Osmanabad'),
 (602,21,'Nandurbar'),
 (603,21,'Satara'),
 (604,21,'Wardha'),
 (605,21,'Udgir'),
 (606,21,'Aurangabad'),
 (607,21,'Amalner'),
 (608,21,'Akot'),
 (609,21,'Pandharpur'),
 (610,21,'Shrirampur'),
 (611,21,'Parli'),
 (612,21,'Washim'),
 (613,21,'Ambejogai'),
 (614,21,'Manmad'),
 (615,21,'Ratnagiri'),
 (616,21,'Uran Islampur'),
 (617,21,'Pusad'),
 (618,21,'Sangamner'),
 (619,21,'Shirpur-Warwade'),
 (620,21,'Malkapur'),
 (621,21,'Wani'),
 (622,21,'Lonavla'),
 (623,21,'Talegaon Dabhade'),
 (624,21,'Anjangaon'),
 (625,21,'Umred'),
 (626,21,'Palghar'),
 (627,21,'Shegaon'),
 (628,21,'Ozar'),
 (629,21,'Phaltan'),
 (630,21,'Yevla'),
 (631,21,'Shahade'),
 (632,21,'Vita'),
 (633,21,'Umarkhed'),
 (634,21,'Warora'),
 (635,21,'Pachora'),
 (636,21,'Tumsar'),
 (637,21,'Manjlegaon'),
 (638,21,'Sillod'),
 (639,21,'Arvi'),
 (640,21,'Nandura'),
 (641,21,'Vaijapur'),
 (642,21,'Wadgaon Road'),
 (643,21,'Sailu'),
 (644,21,'Murtijapur'),
 (645,21,'Tasgaon'),
 (646,21,'Mehkar'),
 (647,21,'Yawal'),
 (648,21,'Pulgaon'),
 (649,21,'Nilanga'),
 (650,21,'Wai'),
 (651,21,'Umarga'),
 (652,21,'Paithan'),
 (653,21,'Rahuri'),
 (654,21,'Nawapur'),
 (655,21,'Tuljapur'),
 (656,21,'Morshi'),
 (657,21,'Purna'),
 (658,21,'Satana'),
 (659,21,'Pathri'),
 (660,21,'Sinnar'),
 (661,21,'Uchgaon'),
 (662,21,'Uran'),
 (663,21,'Pen'),
 (664,21,'Karjat'),
 (665,21,'Manwath'),
 (666,21,'Partur'),
 (667,21,'Sangole'),
 (668,21,'Mangrulpir'),
 (669,21,'Risod'),
 (670,21,'Shirur'),
 (671,21,'Savner'),
 (672,21,'Sasvad'),
 (673,21,'Pandharkaoda'),
 (674,21,'Talode'),
 (675,21,'Shrigonda'),
 (676,21,'Shirdi'),
 (677,21,'Raver'),
 (678,21,'Mukhed'),
 (679,21,'Rajura'),
 (680,21,'Vadgaon Kasba'),
 (681,21,'Tirora'),
 (682,21,'Mahad'),
 (683,21,'Lonar'),
 (684,21,'Sawantwadi'),
 (685,21,'Pathardi'),
 (686,21,'Pauni'),
 (687,21,'Ramtek'),
 (688,21,'Mul'),
 (689,21,'Soyagaon'),
 (690,21,'Mangalvedhe'),
 (691,21,'Narkhed'),
 (692,21,'Shendurjana'),
 (693,21,'Patur'),
 (694,21,'Mhaswad'),
 (695,21,'Loha'),
 (696,21,'Nandgaon'),
 (697,21,'Warud'),
 (698,22,'Imphal'),
 (699,22,'Thoubal'),
 (700,22,'Lilong'),
 (701,23,'Mayang Imphal'),
 (702,23,'Shillong'),
 (703,23,'Tura'),
 (704,23,'Nongstoin'),
 (705,24,'Aizawl'),
 (706,24,'Lunglei'),
 (707,24,'Saiha'),
 (708,25,'Dimapur'),
 (709,25,'Kohima'),
 (710,25,'Zunheboto'),
 (711,25,'Tuensang'),
 (712,25,'Wokha'),
 (713,25,'Mokokchung'),
 (714,26,'Bhubaneswar'),
 (715,26,'Cuttack'),
 (716,26,'Raurkela'),
 (717,26,'Brahmapur'),
 (718,26,'Sambalpur'),
 (719,26,'Puri'),
 (720,26,'Baleshwar Town'),
 (721,26,'Baripada Town'),
 (722,26,'Bhadrak'),
 (723,26,'Balangir'),
 (724,26,'Jharsuguda'),
 (725,26,'Bargarh'),
 (726,26,'Paradip'),
 (727,26,'Bhawanipatna'),
 (728,26,'Dhenkanal'),
 (729,26,'Barbil'),
 (730,26,'Kendujhar'),
 (731,26,'Sunabeda'),
 (732,26,'Rayagada'),
 (733,26,'Jatani'),
 (734,26,'Byasanagar'),
 (735,26,'Kendrapara'),
 (736,26,'Rajagangapur'),
 (737,26,'Parlakhemundi'),
 (738,26,'Talcher'),
 (739,26,'Sundargarh'),
 (740,26,'Phulabani'),
 (741,26,'Pattamundai'),
 (742,26,'Titlagarh'),
 (743,26,'Nabarangapur'),
 (744,26,'Soro'),
 (745,26,'Malkangiri'),
 (746,26,'Rairangpur'),
 (747,26,'Tarbha'),
 (748,27,'Pondicherry'),
 (749,27,'Karaikal'),
 (750,27,'Yanam'),
 (751,27,'Mahe'),
 (752,28,'Ludhiana'),
 (753,28,'Patiala'),
 (754,28,'Amritsar'),
 (755,28,'Jalandhar'),
 (756,28,'Bathinda'),
 (757,28,'Pathankot'),
 (758,28,'Hoshiarpur'),
 (759,28,'Batala'),
 (760,28,'Moga'),
 (761,28,'Malerkotla'),
 (762,28,'Khanna'),
 (763,28,'Mohali'),
 (764,28,'Barnala'),
 (765,28,'Firozpur'),
 (766,28,'Phagwara'),
 (767,28,'Kapurthala'),
 (768,28,'Zirakpur'),
 (769,28,'Kot Kapura'),
 (770,28,'Faridkot'),
 (771,28,'Muktsar'),
 (772,28,'Rajpura'),
 (773,28,'Sangrur'),
 (774,28,'Fazilka'),
 (775,28,'Gurdaspur'),
 (776,28,'Kharar'),
 (777,28,'Gobindgarh'),
 (778,28,'Mansa'),
 (779,28,'Malout'),
 (780,28,'Nabha'),
 (781,28,'Tarn Taran'),
 (782,28,'Jagraon'),
 (783,28,'Sunam'),
 (784,28,'Dhuri'),
 (785,28,'Firozpur Cantt.'),
 (786,28,'Sirhind Fatehgarh Sahib'),
 (787,28,'Rupnagar'),
 (788,28,'Jalandhar Cantt.'),
 (789,28,'Samana'),
 (790,28,'Nawanshahr'),
 (791,28,'Rampura Phul'),
 (792,28,'Nangal'),
 (793,28,'Nakodar'),
 (794,28,'Zira'),
 (795,28,'Patti'),
 (796,28,'Raikot'),
 (797,28,'Longowal'),
 (798,28,'Urmar Tanda'),
 (799,28,'Morinda, India'),
 (800,28,'Phillaur'),
 (801,28,'Pattran'),
 (802,28,'Qadian'),
 (803,28,'Sujanpur'),
 (804,28,'Mukerian'),
 (805,28,'Talwara'),
 (806,29,'Jaipur'),
 (807,29,'Jodhpur'),
 (808,29,'Bikaner'),
 (809,29,'Udaipur'),
 (810,29,'Ajmer'),
 (811,29,'Bhilwara'),
 (812,29,'Alwar'),
 (813,29,'Bharatpur'),
 (814,29,'Pali'),
 (815,29,'Barmer'),
 (816,29,'Sikar'),
 (817,29,'Tonk'),
 (818,29,'Sadulpur'),
 (819,29,'Sawai Madhopur'),
 (820,29,'Nagaur'),
 (821,29,'Makrana'),
 (822,29,'Sujangarh'),
 (823,29,'Sardarshahar'),
 (824,29,'Ladnu'),
 (825,29,'Ratangarh'),
 (826,29,'Nokha'),
 (827,29,'Nimbahera'),
 (828,29,'Suratgarh'),
 (829,29,'Rajsamand'),
 (830,29,'Lachhmangarh'),
 (831,29,'Rajgarh (Churu)'),
 (832,29,'Nasirabad'),
 (833,29,'Nohar'),
 (834,29,'Phalodi'),
 (835,29,'Nathdwara'),
 (836,29,'Pilani'),
 (837,29,'Merta City'),
 (838,29,'Sojat'),
 (839,29,'Neem-Ka-Thana'),
 (840,29,'Sirohi'),
 (841,29,'Pratapgarh'),
 (842,29,'Rawatbhata'),
 (843,29,'Sangaria'),
 (844,29,'Lalsot'),
 (845,29,'Pilibanga'),
 (846,29,'Pipar City'),
 (847,29,'Taranagar'),
 (848,29,'Vijainagar, Ajmer'),
 (849,29,'Sumerpur'),
 (850,29,'Sagwara'),
 (851,29,'Ramganj Mandi'),
 (852,29,'Lakheri'),
 (853,29,'Udaipurwati'),
 (854,29,'Losal'),
 (855,29,'Sri Madhopur'),
 (856,29,'Ramngarh'),
 (857,29,'Rawatsar'),
 (858,29,'Rajakhera'),
 (859,29,'Shahpura'),
 (860,29,'Shahpura'),
 (861,29,'Raisinghnagar'),
 (862,29,'Malpura'),
 (863,29,'Nadbai'),
 (864,29,'Sanchore'),
 (865,29,'Nagar'),
 (866,29,'Rajgarh (Alwar)'),
 (867,29,'Sheoganj'),
 (868,29,'Sadri'),
 (869,29,'Todaraisingh'),
 (870,29,'Todabhim'),
 (871,29,'Reengus'),
 (872,29,'Rajaldesar'),
 (873,29,'Sadulshahar'),
 (874,29,'Sambhar'),
 (875,29,'Prantij'),
 (876,29,'Mount Abu'),
 (877,29,'Mangrol'),
 (878,29,'Phulera'),
 (879,29,'Mandawa'),
 (880,29,'Pindwara'),
 (881,29,'Mandalgarh'),
 (882,29,'Takhatgarh'),
 (883,30,'Gangtok'),
 (884,30,'Gyalshing'),
 (885,30,'Jorethang'),
 (886,30,'Mangan'),
 (887,30,'Namchi'),
 (888,30,'Nayabazar'),
 (889,30,'Rangpo'),
 (890,30,'Singtam'),
 (891,30,'Upper Tadong'),
 (892,31,'Chennai'),
 (893,31,'Coimbatore'),
 (894,31,'Madurai'),
 (895,31,'Tiruchirappalli'),
 (896,31,'Salem'),
 (897,31,'Tirunelveli'),
 (898,31,'Tiruppur'),
 (899,31,'Ranipet'),
 (900,31,'Nagercoil'),
 (901,31,'Thanjavur'),
 (902,31,'Vellore'),
 (903,31,'Kancheepuram'),
 (904,31,'Erode'),
 (905,31,'Tiruvannamalai'),
 (906,31,'Pollachi'),
 (907,31,'Rajapalayam'),
 (908,31,'Sivakasi'),
 (909,31,'Pudukkottai'),
 (910,31,'Neyveli (TS)'),
 (911,31,'Nagapattinam'),
 (912,31,'Viluppuram'),
 (913,31,'Tiruchengode'),
 (914,31,'Vaniyambadi'),
 (915,31,'Theni Allinagaram'),
 (916,31,'Udhagamandalam'),
 (917,31,'Aruppukkottai'),
 (918,31,'Paramakudi'),
 (919,31,'Arakkonam'),
 (920,31,'Virudhachalam'),
 (921,31,'Srivilliputhur'),
 (922,31,'Tindivanam'),
 (923,31,'Virudhunagar'),
 (924,31,'Karur'),
 (925,31,'Valparai'),
 (926,31,'Sankarankovil'),
 (927,31,'Tenkasi'),
 (928,31,'Palani'),
 (929,31,'Pattukkottai'),
 (930,31,'Tirupathur'),
 (931,31,'Ramanathapuram'),
 (932,31,'Udumalaipettai'),
 (933,31,'Gobichettipalayam'),
 (934,31,'Thiruvarur'),
 (935,31,'Thiruvallur'),
 (936,31,'Panruti'),
 (937,31,'Namakkal'),
 (938,31,'Thirumangalam'),
 (939,31,'Vikramasingapuram'),
 (940,31,'Nellikuppam'),
 (941,31,'Rasipuram'),
 (942,31,'Tiruttani'),
 (943,31,'Nandivaram-Guduvancheri'),
 (944,31,'Periyakulam'),
 (945,31,'Pernampattu'),
 (946,31,'Vellakoil'),
 (947,31,'Sivaganga'),
 (948,31,'Vadalur'),
 (949,31,'Rameshwaram'),
 (950,31,'Tiruvethipuram'),
 (951,31,'Perambalur'),
 (952,31,'Usilampatti'),
 (953,31,'Vedaranyam'),
 (954,31,'Sathyamangalam'),
 (955,31,'Puliyankudi'),
 (956,31,'Nanjikottai'),
 (957,31,'Thuraiyur'),
 (958,31,'Sirkali'),
 (959,31,'Tiruchendur'),
 (960,31,'Periyasemur'),
 (961,31,'Sattur'),
 (962,31,'Vandavasi'),
 (963,31,'Tharamangalam'),
 (964,31,'Tirukkoyilur'),
 (965,31,'Oddanchatram'),
 (966,31,'Palladam'),
 (967,31,'Vadakkuvalliyur'),
 (968,31,'Tirukalukundram'),
 (969,31,'Uthamapalayam'),
 (970,31,'Surandai'),
 (971,31,'Sankari'),
 (972,31,'Shenkottai'),
 (973,31,'Vadipatti'),
 (974,31,'Sholingur'),
 (975,31,'Tirupathur'),
 (976,31,'Manachanallur'),
 (977,31,'Viswanatham'),
 (978,31,'Polur'),
 (979,31,'Panagudi'),
 (980,31,'Uthiramerur'),
 (981,31,'Thiruthuraipoondi'),
 (982,31,'Pallapatti'),
 (983,31,'Ponneri'),
 (984,31,'Lalgudi'),
 (985,31,'Natham'),
 (986,31,'Unnamalaikadai'),
 (987,31,'P.N.Patti'),
 (988,31,'Tharangambadi'),
 (989,31,'Tittakudi'),
 (990,31,'Pacode'),
 (991,31,'O\' Valley'),
 (992,31,'Suriyampalayam'),
 (993,31,'Sholavandan'),
 (994,31,'Thammampatti'),
 (995,31,'Namagiripettai'),
 (996,31,'Peravurani'),
 (997,31,'Parangipettai'),
 (998,31,'Pudupattinam'),
 (999,31,'Pallikonda'),
 (1000,31,'Sivagiri'),
 (1001,31,'Punjaipugalur'),
 (1002,31,'Padmanabhapuram'),
 (1003,31,'Thirupuvanam'),
 (1004,32,'Hyderabad'),
 (1005,32,'Warangal'),
 (1006,32,'Nizamabad'),
 (1007,32,'Karimnagar'),
 (1008,32,'Ramagundam'),
 (1009,32,'Khammam'),
 (1010,32,'Mahbubnagar'),
 (1011,32,'Mancherial'),
 (1012,32,'Adilabad'),
 (1013,32,'Suryapet'),
 (1014,32,'Jagtial'),
 (1015,32,'Miryalaguda'),
 (1016,32,'Nirmal'),
 (1017,32,'Kamareddy'),
 (1018,32,'Kothagudem'),
 (1019,32,'Bodhan'),
 (1020,32,'Palwancha'),
 (1021,32,'Mandamarri'),
 (1022,32,'Koratla'),
 (1023,32,'Sircilla'),
 (1024,32,'Tandur'),
 (1025,32,'Siddipet'),
 (1026,32,'Wanaparthy'),
 (1027,32,'Kagaznagar'),
 (1028,32,'Gadwal'),
 (1029,32,'Sangareddy'),
 (1030,32,'Bellampalle'),
 (1031,32,'Bhongir'),
 (1032,32,'Vikarabad'),
 (1033,32,'Jangaon'),
 (1034,32,'Bhadrachalam'),
 (1035,32,'Bhainsa'),
 (1036,32,'Farooqnagar'),
 (1037,32,'Medak'),
 (1038,32,'Narayanpet'),
 (1039,32,'Sadasivpet'),
 (1040,32,'Yellandu'),
 (1041,32,'Manuguru'),
 (1042,32,'Kyathampalle'),
 (1043,32,'Nagarkurnool'),
 (1044,33,'Agartala'),
 (1045,33,'Udaipur'),
 (1046,33,'Dharmanagar'),
 (1047,33,'Pratapgarh'),
 (1048,33,'Kailasahar'),
 (1049,33,'Belonia'),
 (1050,33,'Khowai'),
 (1051,34,'Lucknow'),
 (1052,34,'Kanpur'),
 (1053,34,'Firozabad'),
 (1054,34,'Agra'),
 (1055,34,'Meerut'),
 (1056,34,'Varanasi'),
 (1057,34,'Allahabad'),
 (1058,34,'Amroha'),
 (1059,34,'Moradabad'),
 (1060,34,'Aligarh'),
 (1061,34,'Saharanpur'),
 (1062,34,'Noida'),
 (1063,34,'Loni'),
 (1064,34,'Jhansi'),
 (1065,34,'Shahjahanpur'),
 (1066,34,'Rampur'),
 (1067,34,'Modinagar'),
 (1068,34,'Hapur'),
 (1069,34,'Etawah'),
 (1070,34,'Sambhal'),
 (1071,34,'Orai'),
 (1072,34,'Bahraich'),
 (1073,34,'Unnao'),
 (1074,34,'Rae Bareli'),
 (1075,34,'Lakhimpur'),
 (1076,34,'Sitapur'),
 (1077,34,'Lalitpur'),
 (1078,34,'Pilibhit'),
 (1079,34,'Chandausi'),
 (1080,34,'Hardoi'),
 (1081,34,'Azamgarh'),
 (1082,34,'Khair'),
 (1083,34,'Sultanpur'),
 (1084,34,'Tanda'),
 (1085,34,'Nagina'),
 (1086,34,'Shamli'),
 (1087,34,'Najibabad'),
 (1088,34,'Shikohabad'),
 (1089,34,'Sikandrabad'),
 (1090,34,'Shahabad, Hardoi'),
 (1091,34,'Pilkhuwa'),
 (1092,34,'Renukoot'),
 (1093,34,'Vrindavan'),
 (1094,34,'Ujhani'),
 (1095,34,'Laharpur'),
 (1096,34,'Tilhar'),
 (1097,34,'Sahaswan'),
 (1098,34,'Rath'),
 (1099,34,'Sherkot'),
 (1100,34,'Kalpi'),
 (1101,34,'Tundla'),
 (1102,34,'Sandila'),
 (1103,34,'Nanpara'),
 (1104,34,'Sardhana'),
 (1105,34,'Nehtaur'),
 (1106,34,'Seohara'),
 (1107,34,'Padrauna'),
 (1108,34,'Mathura'),
 (1109,34,'Thakurdwara'),
 (1110,34,'Nawabganj'),
 (1111,34,'Siana'),
 (1112,34,'Noorpur'),
 (1113,34,'Sikandra Rao'),
 (1114,34,'Puranpur'),
 (1115,34,'Rudauli'),
 (1116,34,'Thana Bhawan'),
 (1117,34,'Palia Kalan'),
 (1118,34,'Zaidpur'),
 (1119,34,'Nautanwa'),
 (1120,34,'Zamania'),
 (1121,34,'Shikarpur, Bulandshahr'),
 (1122,34,'Naugawan Sadat'),
 (1123,34,'Fatehpur Sikri'),
 (1124,34,'Shahabad, Rampur'),
 (1125,34,'Robertsganj'),
 (1126,34,'Utraula'),
 (1127,34,'Sadabad'),
 (1128,34,'Rasra'),
 (1129,34,'Lar'),
 (1130,34,'Lal Gopalganj Nindaura'),
 (1131,34,'Sirsaganj'),
 (1132,34,'Pihani'),
 (1133,34,'Shamsabad, Agra'),
 (1134,34,'Rudrapur'),
 (1135,34,'Soron'),
 (1136,34,'SUrban Agglomerationr'),
 (1137,34,'Samdhan'),
 (1138,34,'Sahjanwa'),
 (1139,34,'Rampur Maniharan'),
 (1140,34,'Sumerpur'),
 (1141,34,'Shahganj'),
 (1142,34,'Tulsipur'),
 (1143,34,'Tirwaganj'),
 (1144,34,'PurqUrban Agglomerationzi'),
 (1145,34,'Shamsabad, Farrukhabad'),
 (1146,34,'Warhapur'),
 (1147,34,'Powayan'),
 (1148,34,'Sandi'),
 (1149,34,'Achhnera'),
 (1150,34,'Naraura'),
 (1151,34,'Nakur'),
 (1152,34,'Sahaspur'),
 (1153,34,'Safipur'),
 (1154,34,'Reoti'),
 (1155,34,'Sikanderpur'),
 (1156,34,'Saidpur'),
 (1157,34,'Sirsi'),
 (1158,34,'Purwa'),
 (1159,34,'Parasi'),
 (1160,34,'Lalganj'),
 (1161,34,'Phulpur'),
 (1162,34,'Shishgarh'),
 (1163,34,'Sahawar'),
 (1164,34,'Samthar'),
 (1165,34,'Pukhrayan'),
 (1166,34,'Obra'),
 (1167,34,'Niwai'),
 (1168,35,'Dehradun'),
 (1169,35,'Hardwar'),
 (1170,35,'Haldwani-cum-Kathgodam'),
 (1171,35,'Srinagar'),
 (1172,35,'Kashipur'),
 (1173,35,'Roorkee'),
 (1174,35,'Rudrapur'),
 (1175,35,'Rishikesh'),
 (1176,35,'Ramnagar'),
 (1177,35,'Pithoragarh'),
 (1178,35,'Manglaur'),
 (1179,35,'Nainital'),
 (1180,35,'Mussoorie'),
 (1181,35,'Tehri'),
 (1182,35,'Pauri'),
 (1183,35,'Nagla'),
 (1184,35,'Sitarganj'),
 (1185,35,'Bageshwar'),
 (1186,36,'Kolkata'),
 (1187,36,'Siliguri'),
 (1188,36,'Asansol'),
 (1189,36,'Raghunathganj'),
 (1190,36,'Kharagpur'),
 (1191,36,'Naihati'),
 (1192,36,'English Bazar'),
 (1193,36,'Baharampur'),
 (1194,36,'Hugli-Chinsurah'),
 (1195,36,'Raiganj'),
 (1196,36,'Jalpaiguri'),
 (1197,36,'Santipur'),
 (1198,36,'Balurghat'),
 (1199,36,'Medinipur'),
 (1200,36,'Habra'),
 (1201,36,'Ranaghat'),
 (1202,36,'Bankura'),
 (1203,36,'Nabadwip'),
 (1204,36,'Darjiling'),
 (1205,36,'Purulia'),
 (1206,36,'Arambagh'),
 (1207,36,'Tamluk'),
 (1208,36,'AlipurdUrban Agglomerationr'),
 (1209,36,'Suri'),
 (1210,36,'Jhargram'),
 (1211,36,'Gangarampur'),
 (1212,36,'Rampurhat'),
 (1213,36,'Kalimpong'),
 (1214,36,'Sainthia'),
 (1215,36,'Taki'),
 (1216,36,'Murshidabad'),
 (1217,36,'Memari'),
 (1218,36,'Paschim Punropara'),
 (1219,36,'Tarakeswar'),
 (1220,36,'Sonamukhi'),
 (1221,36,'PandUrban Agglomeration'),
 (1222,36,'Mainaguri'),
 (1223,36,'Malda'),
 (1224,36,'Panchla'),
 (1225,36,'Raghunathpur'),
 (1226,36,'Mathabhanga'),
 (1227,36,'Monoharpur'),
 (1228,36,'Srirampore'),
 (1229,36,'Adra');
/*!40000 ALTER TABLE `cities` ENABLE KEYS */;


--
-- Definition of table `event`
--

DROP TABLE IF EXISTS `event`;
CREATE TABLE `event` (
  `id` int(10) unsigned NOT NULL auto_increment,
  `name` varchar(100) NOT NULL,
  `date` varchar(20) NOT NULL,
  `time` varchar(20) NOT NULL,
  `stateid` int(10) unsigned NOT NULL,
  `cityid` int(10) unsigned NOT NULL,
  `address` varchar(100) NOT NULL,
  `message` varchar(500) NOT NULL,
  `organizationid` int(10) unsigned NOT NULL,
  PRIMARY KEY  (`id`)
) ENGINE=InnoDB DEFAULT CHARSET=latin1;

--
-- Dumping data for table `event`
--

/*!40000 ALTER TABLE `event` DISABLE KEYS */;
INSERT INTO `event` (`id`,`name`,`date`,`time`,`stateid`,`cityid`,`address`,`message`,`organizationid`) VALUES 
 (1,'Rakt pravah','2018-04-12','11:00',2,16,'4422 Old Birmingham Hwy','This blood donation camp organised by the State Government to invoke you for a social cause.',5),
 (2,'Veins to Veins','2018-04-16','10:00',2,19,'5018 Oscar Baxter Dr','your  contribution is vital for us and would be life saving for someone so be on time.',5),
 (3,'KHoon Sangraha','2018-04-19','09:30',2,21,'2901 20th Ave','It is the best gift that you can give to someone so participate and spread happiness.',5),
 (4,'Blood Fare','2018-04-22','16:00',4,90,'4624 US Highway 231','We are hoping that this crowded city will justify our event name \"Blood Fare\".',5),
 (5,'khoon Utsav','2018-04-25','11:00',4,95,'122 Valley St','let\'s make this day a \"Khoon utsav\" in a positive  way.',5),
 (6,'Blood Donation - Share Your Wealth','2018-04-28','15:30',4,102,'1425 S Saint Louis St','Life is short ,Opportunities are less so donate blood as long as you  are healthy.',5),
 (7,'Blood Donation - Save a Life','2018-05-01','08:00',17,361,'1706 Military Rd','Many of ur friends are waiting for your help. Don\'t let them down.',5),
 (8,'Rakt Sanchaar','2018-05-04','08:30',17,361,'814 S Walton Blvd','We are here to transport ur blood to the needed one\'s, Help us in this noble deed.',5),
 (9,'Blood transport','2018-05-07','08:00',17,361,'1010 E Hollywood Ave','We need u support to make our transportation facility successful.',5),
 (10,'Blood Donation - Oppurtunity to Save a Life','2018-05-10','09:00',20,499,'2206 N Reynolds Rd','Here is an opportunity to save a life? so don?t let it go.',5),
 (11,'Make A History','2018-05-13','09:30',20,499,'2 Kmart Plz','Let\'s create a history by donating in highest ever amount coz this campaign will be in each city of tour country.',5),
 (12,'Donation That Matters Most','2018-05-16','11:00',10,204,'1222 S Rogers St','It is a chance to give the most valuable gift to someone.',5),
 (13,'Rakt Daan Mahadaan','2018-05-19','11:30',10,204,'1200 Old Morrilton Hwy','\"AAO KARE RAKT-DAAN, DE KISI KO JEEVAN-DAAN \".',5),
 (14,'Blood Donation - A  Deed of happiness','2018-05-22','10:00',34,1054,'311 Oak St','20 minutes of your time and 250 cc of your blood may make the difference between life and death.',5),
 (15,'Donate - Don\'t let it Gore','2018-05-25','09:00',34,1064,'3750 Dave Ward Dr','What you donate, You will recover in 3 months but if you don?t donate someone will never recover. We know ou have a kind heart',5),
 (16,'Blood Donation Camp 2018','2018-05-28','08:30',21,578,'1114 N West Ave','We are coming to your city so If you don?t  ever donate blood, do it now.',5),
 (17,'Blood Donation Camp 2K18','2018-05-31','09:00',21,578,'1473 W Martin Luther King Blvd','We RED-CROSS SOCIETY are coming to your city and we are again looking for the same support from your side.',5),
 (18,'Blood Donation Camp 2K19','2018-06-03','09:00',21,578,'2050 N College Ave','We RED-CROSS SOCIETY are coming to your city and we are again looking for the same support from your side.',5),
 (19,'Blood Donation Camp 2019','2018-06-06','08:30',21,578,'3302 N Washington St','Central Government is going to organize first ever national Blood Donation Campaign and this time we are looking for your blood.',5);
/*!40000 ALTER TABLE `event` ENABLE KEYS */;


--
-- Definition of table `organization`
--

DROP TABLE IF EXISTS `organization`;
CREATE TABLE `organization` (
  `organization_id` int(10) unsigned NOT NULL auto_increment,
  `organization_name` varchar(100) NOT NULL,
  `central_office_address` varchar(45) NOT NULL,
  `email` varchar(45) NOT NULL,
  `website` varchar(45) default NULL,
  `type` varchar(45) NOT NULL,
  `administrative_address` varchar(45) default NULL,
  `administrative_email` varchar(45) default NULL,
  `administrative_phone` varchar(45) default NULL,
  `administrative_fax` varchar(45) NOT NULL,
  `password` varchar(45) NOT NULL,
  `logo` varchar(45) default NULL,
  `firstname` varchar(45) NOT NULL,
  `lastname` varchar(45) NOT NULL,
  PRIMARY KEY  (`organization_id`)
) ENGINE=InnoDB DEFAULT CHARSET=latin1;

--
-- Dumping data for table `organization`
--

/*!40000 ALTER TABLE `organization` DISABLE KEYS */;
INSERT INTO `organization` (`organization_id`,`organization_name`,`central_office_address`,`email`,`website`,`type`,`administrative_address`,`administrative_email`,`administrative_phone`,`administrative_fax`,`password`,`logo`,`firstname`,`lastname`) VALUES 
 (1,'tanmaybloodtalk','t','t','t','t','t','t','t','t','123','pepper.png','',''),
 (2,'k','k','k','k','k','k','k','k','k','123','email-leads.jpg','',''),
 (3,'k','k','k','k','k','k','k','k','k','','email-leads.jpg','',''),
 (4,'k','k','k','k','k','k','k','k','k','123','email-leads.jpg','',''),
 (5,'Umang Foundation','gwa','tanmaypathak2404@gmail.com','Umang.com','trust','gwalior','tanmay@gmail.com',NULL,'7412589','123','email-leads.jpg','tanmay','pathak'),
 (6,'i','i','i','i','i','i','i','i','i','741','employee-hiring-484.jpg','',''),
 (7,'Utsav Foundation','gwalior','alex04thunder@gmail.com','Utsav.com','Cheratable Organization','Gwalior, MP','mjain007@gmail.com','7458214569','7412589','123','dropbox.png','',''),
 (8,'','','jddvnfjdsnvdmsvndf.sdnfm2@gmail.yahoo.in','','','','','','','','','',''),
 (11,'','','','','','','','','','','','',''),
 (12,'Uphar Foundation','Thatipur, Gwalior,M.P','tanmaypathak2404@gmail.com','Uphar.com','National','Gwalior, MP','mjain007@gmail.com','2587413698','4571547','Mayankjain1','images.png','Mayank ','Jain'),
 (13,'Uphar Foundation','Thatipur, Gwalior,M.P','tanmaypathak2404@gmail.com','Uphar.com','National','Gwalior, MP','mjain007@gmail.com','2587413698','4571547','Mayankjain1','images.png','Mayank ','Jain'),
 (14,'Uphar Foundation','Thatipur, Gwalior,M.P','tanmaypathak2404@gmail.com','Uphar.com','National','Gwalior, MP','mjain007@gmail.com','2587413698','4571547','Mayankjain1','images.png','Mayank ','Jain'),
 (15,'Uphar Foundation','Thatipur, Gwalior,M.P','tanmaypathak2404@gmail.com','Uphar.com','National','Gwalior, MP','mjain007@gmail.com','2587413698','4571547','Mayankjain1','images.png','Mayank ','Jain'),
 (16,'Uphar Foundation','Thatipur, Gwalior,M.P','tanmaypathak2404@gmail.com','Uphar.com','National','Gwalior, MP','mjain007@gmail.com','2587413698','4571547','Mayankjain1','images.png','Mayank ','Jain'),
 (17,'Utsav Foundation','Gwalior','tanmaypathak2404@gmail.com','Utsav.com','National','Gwalior, MP','mjain007@gmail.com','7418529632','8402548','Mayankjain1','images.png','Mayank ','Jain'),
 (25,'Utsav Foundation','gwalior','tanmaypathak2404@gmail.com','Utsav.com','National','Gwalior, MP','mjain007@gmail.com','7458214569','2471547','Mayankjain1','images.png','Mayank ','jain'),
 (26,'tanmaybloodtalk','gwalior','tanmaypathak2404@gmail.com','tanmay.com','National','Gwalior, MP','tanmay@gmail.com','7','7','Mayankjain1','images.png','tanmay','pathak'),
 (27,'tanmaybloodtalk','gwalior','tanmaypathak2404@gmail.com','tanmay.com','National','Gwalior, MP','tanmay@gmail.com','7','7','Mayankjain1','images.png','tanmay','pathak'),
 (28,'tanmaybloodtalk','gwalior','tanmaypathak2404@gmail.com','tanmay.com','National','Gwalior, MP','tanmay@gmail.com','7','7','Mayankjain1','images.png','tanmay','pathak'),
 (29,'tanmaybloodtalk','gwalior','tanmaypathak2404@gmail.com','tanmay.com','National','Gwalior, MP','tanmay@gmail.com','7','7','Tanmaypathak1','images.png','tanmay','pathak'),
 (30,'tanmaybloodtalk','gwalior','tanmaypathak2404@gmail.com','tanmay.com','National','Gwalior, MP','tanmay@gmail.com','7','7','Tanmaypathak1','images.png','tanmay','pathak'),
 (31,'tanmaybloodtalk','gwalior','tanmaypathak2404@gmail.com','tanmay.com','National','Gwalior, MP','tanmay@gmail.com','7','7','Tanmaypathak2','images.png','tanmay','pathak'),
 (32,'tanmaybloodtalk','gwalior','tanmaypathak2404@gmail.com','tanmay.com','National','Gwalior, MP','tanmay@gmail.com','7','7','Tanmaypathak1','images.png','tanmay','pathak');
/*!40000 ALTER TABLE `organization` ENABLE KEYS */;


--
-- Definition of table `organization_phoneno`
--

DROP TABLE IF EXISTS `organization_phoneno`;
CREATE TABLE `organization_phoneno` (
  `organization_id` int(10) unsigned NOT NULL auto_increment,
  `phone` varchar(45) NOT NULL,
  PRIMARY KEY  (`organization_id`)
) ENGINE=InnoDB DEFAULT CHARSET=latin1;

--
-- Dumping data for table `organization_phoneno`
--

/*!40000 ALTER TABLE `organization_phoneno` DISABLE KEYS */;
/*!40000 ALTER TABLE `organization_phoneno` ENABLE KEYS */;


--
-- Definition of table `states`
--

DROP TABLE IF EXISTS `states`;
CREATE TABLE `states` (
  `stateid` int(10) unsigned NOT NULL,
  `statename` varchar(100) NOT NULL,
  PRIMARY KEY  (`stateid`)
) ENGINE=InnoDB DEFAULT CHARSET=latin1;

--
-- Dumping data for table `states`
--

/*!40000 ALTER TABLE `states` DISABLE KEYS */;
INSERT INTO `states` (`stateid`,`statename`) VALUES 
 (1,'Andaman and Nicobar Islands'),
 (2,'Andhra Pradesh'),
 (3,'Arunachal Pradesh'),
 (4,'Assam'),
 (5,'Bihar'),
 (6,'Chandigarh'),
 (7,'Chhattisgarh'),
 (8,'Dadra and Nagar Haveli'),
 (9,'Daman and Diu'),
 (10,'Delhi'),
 (11,'Goa'),
 (12,'Gujarat'),
 (13,'Haryana'),
 (14,'Himachal Pradesh'),
 (15,'Jammu and Kashmir'),
 (16,'Jharkhand'),
 (17,'Karnataka'),
 (18,'Kerala'),
 (19,'Lakshadweep'),
 (20,'Madhya Pradesh'),
 (21,'Maharashtra'),
 (22,'Manipur'),
 (23,'Meghalaya'),
 (24,'Mizoram'),
 (25,'Nagaland'),
 (26,'Odisha'),
 (27,'Puducherry'),
 (28,'Punjab'),
 (29,'Rajasthan'),
 (30,'Sikkim'),
 (31,'Tamil Nadu'),
 (32,'Telangana'),
 (33,'Tripura'),
 (34,'Uttar Pradesh'),
 (35,'Uttarakhand'),
 (36,'West Bengal');
/*!40000 ALTER TABLE `states` ENABLE KEYS */;


--
-- Definition of table `user`
--

DROP TABLE IF EXISTS `user`;
CREATE TABLE `user` (
  `userid` int(10) unsigned NOT NULL auto_increment,
  `username` varchar(45) NOT NULL,
  `emailid` varchar(45) NOT NULL,
  `password` varchar(45) NOT NULL,
  `dob` varchar(45) NOT NULL,
  `gender` varchar(45) NOT NULL,
  `bloodgroup` varchar(5) NOT NULL,
  `weight` float NOT NULL,
  `odb` varchar(45) default NULL,
  `residencephone` varchar(45) NOT NULL,
  `mobileno` varchar(45) NOT NULL,
  `address` varchar(100) NOT NULL,
  `state` int(10) unsigned default NULL,
  `city` int(10) unsigned default NULL,
  PRIMARY KEY  USING BTREE (`userid`)
) ENGINE=InnoDB DEFAULT CHARSET=latin1;

--
-- Dumping data for table `user`
--

/*!40000 ALTER TABLE `user` DISABLE KEYS */;
INSERT INTO `user` (`userid`,`username`,`emailid`,`password`,`dob`,`gender`,`bloodgroup`,`weight`,`odb`,`residencephone`,`mobileno`,`address`,`state`,`city`) VALUES 
 (1,'Aleshia Tomkiewicz','atomkiewicz@hotmail.com','123','1980-10-21','female','O+',40,NULL,'7227415','9709009807','14 Taylor St',26,726),
 (2,'Evan Zigomalas','evan.zigomalas@gmail.com','123','1903-02-28','male','B+',42,NULL,'7702859','9290902415','5 Binney St',26,746),
 (3,'France Andrade','france.andrade@hotmail.com','123','1905-03-06','female','B-',63,NULL,'7177949','9242554152','8 Moor Place',17,411),
 (4,'Ulysses Mcwalters','ulysses@hotmail.com','123','1903-06-26','male','B+',46,NULL,'7776809','9882487662','505 Exeter Rd',26,715),
 (5,'Tyisha Veness','tyisha.veness@hotmail.com','123','1901-06-09','female','A+',78,NULL,'7571966','9496584722','5396 Forth Street',31,915),
 (6,'Eric Rampy','erampy@rampy.co.uk','123','1913-07-12','female','A-',69,NULL,'7932370','9443117613','9472 Lind St',6,135),
 (7,'Marg Grasmick','marg@hotmail.com','123','1904-07-19','male','O+',73,NULL,'7520063','9236601021','7457 Cowl St #70',28,768),
 (8,'Laquita Hisaw','laquita@yahoo.com','123','1910-04-15','female','AB+',57,NULL,'7343365','9384467792','20 Gloucester Pl #96',18,461),
 (9,'Lura Manzella','lura@hotmail.com','123','1904-07-23','female','AB-',60,NULL,'7775059','9576193376','929 Augustine St',6,154),
 (10,'Yuette Klapec','yuette.klapec@klapec.co.uk','123','1917-12-08','male','B+',48,NULL,'7198061','9518569893','45 Bradfield St #166',17,391),
 (11,'Fernanda Writer','fernanda@writer.co.uk','123','1905-04-22','male','A-',78,NULL,'7551131','9503058245','620 Northampton St',21,627),
 (12,'Charlesetta Erm','charlesetta_erm@gmail.com','123','1904-04-23','male','A+',59,NULL,'7824065','9738897980','5 Hygeia St',31,971),
 (13,'Corrinne Jaret','corrinne_jaret@gmail.com','123','1904-11-01','female','O+',51,NULL,'7400717','9357825170','2150 Morley St',26,738),
 (14,'Niesha Bruch','niesha.bruch@yahoo.com','123','1911-11-08','female','O-',62,NULL,'7393977','9503715613','24 Bolton St',31,952),
 (15,'Rueben Gastellum','rueben_gastellum@gastellum.co.uk','123','1913-01-07','female','AB-',61,NULL,'7351719','9554443300','4 Forrest St',17,435),
 (16,'Michell Throssell','mthrossell@throssell.co.uk','123','1902-12-05','male','AB+',54,NULL,'7903022','9531537035','89 Noon St',26,731),
 (17,'Edgar Kanne','edgar.kanne@yahoo.com','123','1910-02-23','male','A+',40,NULL,'7589452','9605662704','99 Guthrie St',35,1175),
 (18,'Dewitt Julio','dewitt.julio@hotmail.com','123','1908-02-14','male','A-',44,NULL,'7861976','9497481228','7 Richmond St',6,155),
 (19,'Charisse Spinello','charisse_spinello@spinello.co.uk','123','1909-06-23','female','B+',47,NULL,'7899401','9711832811','9165 Primrose St',12,236),
 (20,'Mee Lapinski','mee.lapinski@yahoo.com','123','1916-10-09','female','B+',41,NULL,'7917744','9873116603','9 Pengwern St',2,62),
 (21,'Peter Gutierres','peter_gutierres@yahoo.com','123','1903-11-23','female','O+',45,NULL,'7564136','9544224485','4410 Tarlton St',20,570),
 (22,'Octavio Salvadore','octavio.salvadore@yahoo.com','123','1903-04-04','female','B+',73,NULL,'7456225','9837634831','6949 Bourne St',28,800),
 (23,'Martha Teplica','mteplica@teplica.co.uk','123','1901-11-03','female','B-',79,NULL,'7599597','9874606983','148 Rembrandt St',34,1087),
 (24,'Tamesha Veigel','tveigel@veigel.co.uk','123','1907-05-13','male','B+',49,NULL,'7566362','9363973546','2200 Nelson St #58',21,692),
 (25,'Tess Sitra','tess_sitra@hotmail.com','123','1905-01-25','male','A+',72,NULL,'7655493','9567732948','61 Rossett St',21,626),
 (26,'Leonard Kufner','lkufner@kufner.co.uk','123','1906-05-06','female','A-',56,NULL,'7588845','9589520593','41 Canning St',20,530),
 (27,'Svetlana Tauras','svetlana_tauras@tauras.co.uk','123','1909-05-11','male','O+',57,NULL,'7780296','9864362745','8289 Cadogan St',34,1151),
 (28,'Pok Molaison','pok@yahoo.com','123','1916-05-28','male','AB+',64,NULL,'7819462','9681817931','211 Hobart St',34,1073),
 (29,'Augustine Growcock','augustine.growcock@growcock.co.uk','123','1908-09-29','female','AB-',79,NULL,'7807282','9739171748','114 Falkland St #8845',17,368),
 (30,'Karma Quarto','kquarto@gmail.com','123','1913-03-25','female','B+',79,NULL,'7820820','9308424195','1 Birkett St',4,96),
 (31,'Reed Weisinger','reed_weisinger@yahoo.com','123','1915-03-11','male','A-',70,NULL,'7887467','9266251880','5147 Blackstone St',20,513),
 (32,'German Zelaya','german@hotmail.com','123','1912-07-19','female','A+',55,NULL,'7899428','9669106807','7 Shenstone St',32,1020),
 (33,'Milly Savidge','milly@gmail.com','123','1901-03-06','male','O+',67,NULL,'7236254','9679486044','129 Alexander Pope St',32,1004),
 (34,'Luis Ear','luis@hotmail.com','123','1911-04-30','male','O-',58,NULL,'7520471','9868886156','2 Birchfield Rd',31,904),
 (35,'Ciara Cobbley','ciara_cobbley@hotmail.com','123','1912-10-01','male','AB-',54,NULL,'7171049','9516830575','7523 Kempton Rd',12,223),
 (36,'Alethea Mould','alethea@hotmail.com','123','1914-09-16','female','AB+',60,NULL,'7827961','9879367522','6305 Elstow St',26,719),
 (37,'Margurite Loperfido','mloperfido@gmail.com','123','1914-05-20','male','A+',54,NULL,'7468408','9612268833','218 Greenbank Drive',34,1102),
 (38,'Vernice Sperazza','vernice@yahoo.com','123','1900-10-02','male','A-',60,NULL,'7956316','9759516050','8921 Forge St',34,1113),
 (39,'Vicente Rawicki','vicente_rawicki@hotmail.com','123','1912-08-31','female','B+',60,NULL,'7551987','9839450012','3060 St Ambrose Grove #261',12,272),
 (40,'Craig Cua','craig@hotmail.com','123','1911-10-31','male','B+',41,NULL,'7144232','9626119489','8388 Bessemer St #5',20,552),
 (41,'Jenise Dulle','jenise.dulle@hotmail.com','123','1907-03-10','male','O+',69,NULL,'7447329','9804164584','87 Pownall Sq',20,552),
 (42,'Marylin Cornelison','marylin_cornelison@yahoo.com','123','1908-06-23','female','B+',68,NULL,'7307682','9494706669','39 Wye St',4,100),
 (43,'Marget Gunst','mgunst@yahoo.com','123','1911-04-21','female','B-',49,NULL,'7134009','9454147695','2732 Bostock St #1',13,289),
 (44,'Annett Bunselmeyer','abunselmeyer@hotmail.com','123','1900-08-19','male','B+',42,NULL,'7754601','9314346141','5562 Fairfield St #847',2,62),
 (45,'Kip Turziano','kip.turziano@yahoo.com','123','1903-09-12','male','A+',66,NULL,'7518374','9833585266','37 Meadow St',21,578),
 (46,'Melina Orizabal','melina@gmail.com','123','1902-01-08','male','A-',54,NULL,'7574079','9740836601','3 Nevison St',29,829),
 (47,'Tina Clapham','tclapham@gmail.com','123','1901-03-01','female','O+',40,NULL,'7354893','9436110150','5662 William Moult St',13,299),
 (48,'Luisa Devereux','ldevereux@gmail.com','123','1900-07-14','female','AB+',73,NULL,'7618415','9490876833','3 North View #35',20,569),
 (49,'Pedro Aschoff','paschoff@yahoo.com','123','1913-03-13','female','AB-',47,NULL,'7711341','9473093663','135 Opie St',20,527),
 (50,'Carrol Kunimitsu','carrol_kunimitsu@yahoo.com','123','1916-09-19','male','B+',53,NULL,'7855570','9239535883','1 Askew St',20,533),
 (51,'Alba Mosseri','alba@gmail.com','123','1908-01-06','female','O+',55,NULL,'7359106','9666098215','4 Burnall St',7,199),
 (52,'Domonique Sandlin','domonique@hotmail.com','123','1902-11-12','male','B+',69,NULL,'7248276','9836726514','95 Denton St',2,71),
 (53,'Rory Neufville','rory_neufville@neufville.co.uk','123','1900-08-17','male','B-',60,NULL,'7233937','9435954963','5 Chadwick St #7',13,282),
 (54,'Dustin Klingaman','dklingaman@gmail.com','123','1900-12-17','female','B+',69,NULL,'7158834','9601783066','67 Micawber St',12,225),
 (55,'Lyndia Moonshower','lyndia_moonshower@moonshower.co.uk','123','1903-02-10','female','A+',77,NULL,'7588778','9607593458','43 Williamson St #7995',26,728),
 (56,'Jules Hiltner','jules@yahoo.com','123','1903-07-31','male','A-',80,NULL,'7324104','9786027534','5 Howe St',35,1174),
 (57,'Dong Kopczynski','dkopczynski@kopczynski.co.uk','123','1906-02-14','male','O+',49,NULL,'7354040','9562141936','7 Cheapside #9',21,666),
 (58,'Justine Salta','justine_salta@yahoo.com','123','1912-01-10','female','AB+',63,NULL,'7733032','9415247375','85 Bridgewater St',2,60),
 (59,'Chantay Kamens','ckamens@hotmail.com','123','1911-06-02','male','AB-',77,NULL,'7313184','9612776359','763 Parkfield Rd',34,1096),
 (60,'Tequila Chisum','tequila.chisum@chisum.co.uk','123','1907-12-18','male','B+',55,NULL,'7712360','9238097601','662 Grove Park',12,257),
 (61,'Maybelle Consolazio','mconsolazio@yahoo.com','123','1908-06-24','male','A-',72,NULL,'7289255','9401179726','5410 Lawton St',20,547),
 (62,'Margarett Bairo','margarett@gmail.com','123','1901-10-11','male','A+',70,NULL,'7818056','9262508756','3 August Rd',33,1049),
 (63,'Janessa Noonon','jnoonon@yahoo.com','123','1910-01-24','female','O+',45,NULL,'7263696','9529891405','476 Starkie St',26,733),
 (64,'Sol Cowser','sol@gmail.com','123','1917-01-30','male','O-',56,NULL,'7635364','9793473562','6448 Tillard St',21,641),
 (65,'Louann Smethers','louann@gmail.com','123','1906-10-21','female','AB-',74,NULL,'7526691','9889221928','3055 Creswick St',29,880),
 (66,'Lindsay Yadao','lindsay_yadao@yadao.co.uk','123','1903-05-22','male','AB+',69,NULL,'7738556','9793525928','7 Jolliffe St',4,109),
 (67,'Malika Hanton','malika@gmail.com','123','1906-02-12','female','A+',61,NULL,'7697527','9831623597','1175 Greig St',15,325),
 (68,'Stefany Ferenz','stefany@hotmail.com','123','1916-07-02','male','A-',70,NULL,'7183711','9511396668','636 Portland Place',29,847),
 (69,'Abraham Cratch','acratch@gmail.com','123','1911-08-26','male','B+',66,NULL,'7687503','9604028587','41 Benedict St',21,695),
 (70,'Giuseppe Rohaley','giuseppe@yahoo.com','123','1903-09-18','male','B+',52,NULL,'7543080','9744887470','62 Margaret St',21,594),
 (71,'Kiera Bassil','kbassil@bassil.co.uk','123','1914-05-18','male','O+',46,NULL,'7799342','9892586459','5152 Sophia St',20,533),
 (72,'Wendell Rubano','wendell_rubano@hotmail.com','123','1908-05-03','female','B+',69,NULL,'7259265','9532565926','1 Back Canning St',13,300),
 (73,'Stevie Stifflemire','stevie_stifflemire@stifflemire.co.uk','123','1912-04-28','male','B-',68,NULL,'7389293','9811592204','9 Gradwell St',36,1206),
 (74,'Yun Paletta','yun_paletta@paletta.co.uk','123','1908-05-15','female','B+',75,NULL,'7956596','9409258226','9205 Upper Hill St',21,602),
 (75,'Brittani Thurm','bthurm@yahoo.com','123','1917-05-05','female','A+',77,NULL,'7900498','9874900050','9 Horatio St',20,556),
 (76,'Billy Venus','billy.venus@yahoo.com','123','1901-11-08','male','A-',51,NULL,'7964531','9686897992','61 Miriam St',6,152),
 (77,'Brynn Elkan','brynn@yahoo.com','123','1915-06-17','female','O+',64,NULL,'7783426','9323457470','67 Pulford St',25,708),
 (78,'Elroy Piehler','epiehler@piehler.co.uk','123','1918-02-09','male','AB+',42,NULL,'7473991','9865459152','821 Pembroke Place',12,230),
 (79,'Anisha Shulick','ashulick@yahoo.com','123','1905-05-19','female','AB-',58,NULL,'7677142','9250235518','3 Alder St',31,997),
 (80,'Bettina Kham','bettina.kham@kham.co.uk','123','1903-08-29','male','B+',59,NULL,'7562534','9507656422','80 Morecambe St',6,170),
 (81,'Velda Mancilla','velda_mancilla@mancilla.co.uk','123','1907-03-07','male','A-',68,NULL,'7499559','9370627106','7866 Renshaw St #283',36,1197),
 (82,'Marta Brace','marta.brace@brace.co.uk','123','1905-03-12','male','A+',76,NULL,'7494027','9437565348','658 Lake St',34,1066),
 (83,'Juan Vanwyhe','juan_vanwyhe@gmail.com','123','1901-03-18','male','O+',47,NULL,'7889627','9605635503','5382 Redfern St',20,562),
 (84,'Lelia Filion','lelia.filion@filion.co.uk','123','1909-07-28','female','O-',78,NULL,'7125856','9350525396','45 Bidder St #38',34,1139),
 (85,'Una Frankel','ufrankel@hotmail.com','123','1914-09-07','male','AB-',48,NULL,'7666218','9726593687','6766 Britton St #379',31,922),
 (86,'Eva Joulwan','eva.joulwan@gmail.com','123','1917-07-22','male','AB+',48,NULL,'7338918','9576075860','7 Lear Rd',29,824),
 (87,'Mammie Dormanen','mammie_dormanen@hotmail.com','123','1901-05-25','female','A+',56,NULL,'7811802','9265625546','2577 Toxteth St #5',31,969),
 (88,'Jeannetta Coolidge','jeannetta_coolidge@gmail.com','123','1906-07-12','female','A-',52,NULL,'7320777','9310920860','761 Cockerell St #1',31,904),
 (89,'Elbert Drawe','edrawe@drawe.co.uk','123','1910-01-16','female','B+',51,NULL,'7149024','9298776654','9 Cypress St',18,473),
 (90,'Lenny Gazzola','lenny.gazzola@yahoo.com','123','1905-08-23','male','B+',60,NULL,'7184278','9406050279','6 Romilly St',17,407),
 (91,'Mira Alpheaus','mira.alpheaus@yahoo.com','123','1903-11-20','male','O+',58,NULL,'7212058','9832109017','51 St Anne St #12',32,1011),
 (92,'Cathern Ungar','cathern.ungar@ungar.co.uk','123','1908-08-14','female','B+',76,NULL,'7392167','9591948923','823 Idris St',36,1198),
 (93,'Malcom Fleckles','malcom.fleckles@gmail.com','123','1911-12-15','male','B-',51,NULL,'7506019','9724952432','8764 Nickleby St #877',21,604),
 (94,'Monroe Damato','mdamato@damato.co.uk','123','1902-12-11','female','B+',75,NULL,'7649203','9667836955','5344 Bengel St #5',32,1017),
 (95,'Leota Fletchen','lfletchen@gmail.com','123','1905-05-06','male','A+',66,NULL,'7883020','9479571992','8880 Great Howard St #7750',16,350),
 (96,'Berry Gutoski','berry@gmail.com','123','1902-10-31','female','A-',51,NULL,'7799859','9467985016','9 Oakleigh',17,435),
 (97,'Meghan Riherd','meghan@riherd.co.uk','123','1908-03-31','male','O+',77,NULL,'7404036','9476802631','83 Denbigh St Bootle',13,305),
 (98,'Mike Torner','mike_torner@torner.co.uk','123','1915-12-19','female','AB+',77,NULL,'7541172','9545248355','30 Aughton St',31,1000),
 (99,'Elsa Delisle','elsa_delisle@gmail.com','123','1902-12-16','female','AB-',52,NULL,'7415072','9509410351','260 Saxon St',13,302),
 (100,'Linwood Rosenlof','linwood.rosenlof@yahoo.com','123','1911-04-22','male','B+',63,NULL,'7960902','9458252387','3 Pyramid St',2,60),
 (101,'Latosha Alexy','latosha@yahoo.com','123','1906-04-19','male','O+',75,NULL,'7401007','9642786679','37 Langham St #948',10,204),
 (102,'Alexia Meenan','alexia.meenan@meenan.co.uk','123','1903-07-23','female','B+',52,NULL,'7289855','9831364505','94 Villars St',7,196),
 (103,'Graham Stanwick','gstanwick@gmail.com','123','1914-10-12','male','B-',61,NULL,'7382755','9834756145','73 Hawkstone St',6,181),
 (104,'Elinore Fulda','elinore.fulda@fulda.co.uk','123','1901-10-20','female','B+',62,NULL,'7139439','9265251647','123 Sussex St',32,1043),
 (105,'Lisbeth Creecy','lcreecy@gmail.com','123','1912-11-27','male','A+',69,NULL,'7446943','9264506088','484 Barry St',20,561),
 (106,'Eloisa Faurote','eloisa.faurote@hotmail.com','123','1902-04-22','female','A-',45,NULL,'7771742','9633433679','7033 Micawber St',31,976),
 (107,'Shawana Cantua','shawana@yahoo.com','123','1912-05-29','female','O+',53,NULL,'7582312','9691831176','33 Vipond St',21,646),
 (108,'Alyssa Ansbro','alyssa_ansbro@gmail.com','123','1911-09-06','male','AB+',42,NULL,'7696605','9736970285','85 Hero St',21,609),
 (109,'Kyoko Mcmillian','kyoko_mcmillian@gmail.com','123','1905-03-04','male','AB-',56,NULL,'7617975','9591392137','77 Reading St #8',26,746),
 (110,'Terry Gauthier','tgauthier@yahoo.com','123','1905-08-03','female','B+',71,NULL,'7513863','9394032040','274 Altcar Ave',12,273),
 (111,'Sena Langenbach','sena.langenbach@hotmail.com','123','1901-12-05','female','A-',53,NULL,'7370821','9595599671','38 Avondale Rd #79',13,289),
 (112,'Cristen Nesset','cnesset@nesset.co.uk','123','1912-05-07','male','A+',69,NULL,'7199960','9536707379','4679 Curzon St',29,848),
 (113,'Lashawn Ker','lashawn.ker@gmail.com','123','1902-06-06','male','O+',77,NULL,'7507843','9716691397','13 Nelson Rd',12,266),
 (114,'Wade Sovel','wade@hotmail.com','123','1916-09-10','male','O-',46,NULL,'7694980','9774020471','2546 Hunter St',6,128),
 (115,'Whitney Tishler','whitney@gmail.com','123','1907-12-26','female','AB-',64,NULL,'7956058','9533784263','77 Mason St #650',2,80),
 (116,'Deja Conatser','deja.conatser@hotmail.com','123','1915-05-14','male','AB+',43,NULL,'7363348','9311054365','94 Wakefield St',12,242),
 (117,'Earnestine Casper','earnestine_casper@hotmail.com','123','1900-08-03','female','A+',79,NULL,'7135376','9515448158','529 Stalmine Rd #3680',6,174),
 (118,'Frankie Marruffo','fmarruffo@gmail.com','123','1912-04-16','male','A-',51,NULL,'7756940','9888144077','52 Morningside Rd #1',34,1055),
 (119,'Paola Dease','pdease@gmail.com','123','1916-11-20','male','B+',56,NULL,'7200946','9583975748','94 Enid St',21,578),
 (120,'Rodrigo Hawkin','rodrigo@hotmail.com','123','1905-01-06','female','B+',77,NULL,'7188571','9303066386','661 Great Crosshall St',36,1206),
 (121,'Luther Alsman','luther@gmail.com','123','1904-06-07','male','O+',70,NULL,'7750795','9821447863','227 Albert Terrace',31,972),
 (122,'Casey Dondero','casey.dondero@hotmail.com','123','1907-09-30','female','B+',50,NULL,'7305135','9311942258','464 Back Nile St #618',9,202),
 (123,'Ressie Bontemps','ressie_bontemps@bontemps.co.uk','123','1906-08-29','female','B-',49,NULL,'7261764','9874915724','42 Eastwood St',31,938),
 (124,'Sean Schurman','sean.schurman@schurman.co.uk','123','1903-09-02','male','B+',43,NULL,'7350318','9788655987','2877 Grain St',31,982),
 (125,'Celestina Pince','cpince@pince.co.uk','123','1910-07-29','female','A+',52,NULL,'7593209','9247866588','13 Stockdale St #779',7,194),
 (126,'Maira Karas','maira.karas@yahoo.com','123','1918-02-26','male','A-',72,NULL,'7231955','9361425522','9 Cropper St',12,263),
 (127,'Beth Barbone','bbarbone@barbone.co.uk','123','1901-01-25','male','O+',78,NULL,'7417764','9767403266','3 Gaskell St',20,515),
 (128,'Wei Nobel','wei_nobel@hotmail.com','123','1907-12-21','male','AB+',56,NULL,'7940494','9595321499','5221 Royston St',34,1126),
 (129,'Melissia Slotemaker','mslotemaker@gmail.com','123','1907-03-26','female','AB-',46,NULL,'7901712','9536170586','83 St Johns Lane #43',6,173),
 (130,'Letha Akey','letha_akey@akey.co.uk','123','1907-05-27','male','B+',70,NULL,'7497026','9521330346','603 Pall Mall',12,219),
 (131,'Isaac Semrad','isaac.semrad@semrad.co.uk','123','1910-04-01','female','A-',50,NULL,'7172024','9444879961','76 Dawber St #6',27,748),
 (132,'Kristine Klipfel','kristine.klipfel@yahoo.com','123','1904-11-14','female','A+',68,NULL,'7165528','9415645068','3380 Alexander St',17,399),
 (133,'Odette Moussette','odette_moussette@gmail.com','123','1917-07-14','female','O+',46,NULL,'7422088','9244209429','216 Lissant St #8',36,1210),
 (134,'Hobert Panfilov','hobert@gmail.com','123','1903-02-28','female','O-',64,NULL,'7499002','9697285741','92 Phythian St #614',17,427),
 (135,'Isadora Mchughes','isadora.mchughes@mchughes.co.uk','123','1901-07-01','female','AB-',54,NULL,'7273099','9722359922','792 Queens Rd',6,136),
 (136,'Emily Pogorelc','emily.pogorelc@yahoo.com','123','1904-10-12','male','AB+',75,NULL,'7681253','9881245110','5196 York St',34,1058),
 (137,'Desire Barresi','desire@gmail.com','123','1901-06-28','female','A+',43,NULL,'7391787','9593066717','428 Kearsley St',29,821),
 (138,'Rosalind Stamps','rosalind.stamps@stamps.co.uk','123','1917-04-11','male','A-',62,NULL,'7625409','9817872482','8 Chestnut St',13,308),
 (139,'Vernell Connley','vernell@hotmail.com','123','1913-10-17','male','B+',66,NULL,'7579492','9713201512','998 Roe St #6',28,761),
 (140,'Micheline Mathieson','micheline.mathieson@yahoo.com','123','1903-06-30','female','B+',64,NULL,'7510821','9786764135','3 Copenhagen Rd',2,21),
 (141,'Nathan Outhouse','nathan.outhouse@gmail.com','123','1900-08-06','male','O+',76,NULL,'7129563','9543924908','293 Vivian St',29,873),
 (142,'Allene Burau','allene.burau@hotmail.com','123','1901-01-24','female','B+',57,NULL,'7917775','9249177815','8 Barlow St #6',18,480),
 (143,'Julie Sakshaug','julie@gmail.com','123','1912-10-13','female','B-',66,NULL,'7943412','9613890407','5 Shakspeare St #66',21,583),
 (144,'Francisca Shuhi','fshuhi@shuhi.co.uk','123','1911-09-01','male','B+',70,NULL,'7959306','9877120867','7 Carolina St',20,572),
 (145,'Marisha Wilcoxon','marisha.wilcoxon@gmail.com','123','1905-06-13','male','A+',56,NULL,'7878348','9532288497','52 Trowbridge St',4,105),
 (146,'Telma Maraia','telma@maraia.co.uk','123','1918-03-25','female','A-',44,NULL,'7158044','9529079830','25 Village St',13,296),
 (147,'Luke Crete','luke.crete@crete.co.uk','123','1916-06-20','male','O+',75,NULL,'7222652','9231459400','4 Peach St #5112',11,207),
 (148,'Hubert Mias','hubert.mias@gmail.com','123','1905-01-26','female','AB+',57,NULL,'7796812','9422839798','3614 Old Hall St #604',29,869),
 (149,'Janella Altobell','jaltobell@hotmail.com','123','1908-11-05','female','AB-',71,NULL,'7834008','9321026342','3768 Hey Green Rd',21,648),
 (150,'Angelo Lavista','angelo.lavista@gmail.com','123','1912-11-06','male','B+',57,NULL,'7560005','9481019376','97 Newlands St',12,222),
 (151,'Tran Mandiola','tran.mandiola@hotmail.com','123','1902-04-30','male','O+',79,NULL,'7637419','9713516831','6226 Maitland St',31,954),
 (152,'Reynalda Vanhooser','reynalda@vanhooser.co.uk','123','1910-09-30','male','B+',73,NULL,'7914621','9324073154','891 Crocus St',31,948),
 (153,'Salley Rieger','salley.rieger@gmail.com','123','1913-03-04','male','B-',75,NULL,'7879300','9791890108','1 Segrave St',31,992),
 (154,'Cheryll Yurich','cheryll_yurich@yurich.co.uk','123','1918-04-13','female','B+',70,NULL,'7725565','9705772747','666 Moor Place',21,659),
 (155,'Crista Viengxay','crista@yahoo.com','123','1914-02-18','male','A+',73,NULL,'7126754','9651788939','1554 Christopher St',20,520),
 (156,'Lino Sutulovich','lino.sutulovich@gmail.com','123','1907-07-01','male','A-',74,NULL,'7533679','9333977159','55 Margaret Rd',36,1199),
 (157,'Galen Wendorf','galen.wendorf@wendorf.co.uk','123','1913-09-23','female','O+',55,NULL,'7442591','9313105698','8830 Antonio St',34,1057),
 (158,'Gilbert Langarica','gilbert.langarica@gmail.com','123','1901-06-01','male','AB+',66,NULL,'7904829','9853611030','82 Sinclair St',20,531),
 (159,'Whitney Goossen','whitney.goossen@hotmail.com','123','1905-11-18','male','AB-',43,NULL,'7440244','9261890260','7568 Atlas St',18,472),
 (160,'Socorro Abrahams','socorro_abrahams@abrahams.co.uk','123','1917-08-29','male','B+',49,NULL,'7928994','9281809453','93 Clyde Rd #9',2,61),
 (161,'Mauricio Flam','mflam@gmail.com','123','1908-11-25','female','A-',43,NULL,'7653907','9233104819','18 Nimrod St',18,491),
 (162,'Phillip Aloi','paloi@hotmail.com','123','1907-01-09','male','A+',77,NULL,'7906515','9760284962','6 Cannock St',35,1181),
 (163,'Gilberto Erixon','gerixon@gmail.com','123','1906-03-19','female','O+',54,NULL,'7272627','9725921417','2258 Benedict St',31,926),
 (164,'Thad Puskarich','thad_puskarich@puskarich.co.uk','123','1903-12-21','female','O-',53,NULL,'7819856','9333103495','9302 Ismay St #6',2,21),
 (165,'Bambi Favaron','bambi.favaron@yahoo.com','123','1901-07-10','male','AB-',68,NULL,'7595427','9674682153','3347 Lawrence Rd #456',33,1047),
 (166,'Marshall Kozikowski','marshall@hotmail.com','123','1909-07-28','female','AB+',79,NULL,'7737089','9462468748','47 Elwy St',20,573),
 (167,'Chery Wiederin','cwiederin@yahoo.com','123','1909-07-21','male','A+',68,NULL,'7341442','9844672705','553 Picton Rd',36,1212),
 (168,'Eileen Montecalvo','eileen@yahoo.com','123','1906-03-13','male','A-',65,NULL,'7140624','9868424724','9986 Cantsfield St',31,926),
 (169,'Melita Szpak','melita.szpak@szpak.co.uk','123','1915-03-28','female','B+',80,NULL,'7658228','9408338232','1 Sussex St',18,468),
 (170,'Ashley Jessie','ashley_jessie@jessie.co.uk','123','1900-11-09','male','B+',73,NULL,'7154620','9293374094','9548 Ogwen St #84',13,317),
 (171,'Laila Fend','lfend@gmail.com','123','1908-04-16','male','O+',58,NULL,'7890168','9465579657','57 St Georges Hill',31,944),
 (172,'Bobbie Guillereault','bguillereault@gmail.com','123','1906-08-25','male','B+',46,NULL,'7367684','9856873685','385 Upper Hampton St #39',21,623),
 (173,'Dana Paluszynski','dpaluszynski@paluszynski.co.uk','123','1904-09-03','male','B-',44,NULL,'7878566','9441076383','6378 Lyell St #48',36,1200),
 (174,'Freida Newyear','freida_newyear@yahoo.com','123','1912-02-13','female','B+',69,NULL,'7463204','9733100853','675 Falstaff St #170',34,1154),
 (175,'Val Cellucci','vcellucci@yahoo.com','123','1914-03-05','male','A+',74,NULL,'7223104','9406488285','87 Pelops St',6,145),
 (176,'Horace Knapp','horace.knapp@yahoo.com','123','1908-10-18','male','A-',72,NULL,'7595111','9383256060','5 Eyes St',20,506),
 (177,'Joana Reinecke','jreinecke@reinecke.co.uk','123','1913-09-09','male','O+',63,NULL,'7524244','9241766915','2427 Olney St #7',30,885),
 (178,'Tiara Schlichter','tiara_schlichter@schlichter.co.uk','123','1900-07-05','male','AB+',73,NULL,'7517707','9832913051','805 Westbank Rd',31,919),
 (179,'Dacia Swaisgood','dacia.swaisgood@swaisgood.co.uk','123','1900-06-19','female','AB-',64,NULL,'7168366','9542637700','36 Cranmer St #4697',34,1151),
 (180,'Myong Babineaux','mbabineaux@babineaux.co.uk','123','1914-03-22','female','B+',51,NULL,'7761615','9523091803','2 Kirkdale Rd',32,1038),
 (181,'Gene Bleile','gene_bleile@bleile.co.uk','123','1913-04-21','female','A-',47,NULL,'7220636','9564622320','4687 Atherton St',17,375),
 (182,'Kanisha Difiora','kanisha@gmail.com','123','1914-06-11','female','A+',77,NULL,'7842019','9489978987','513 Bailey St',4,99),
 (183,'Ayesha Moeder','ayesha@gmail.com','123','1917-11-07','male','O+',72,NULL,'7592578','9254188542','620 Old Leeds St',31,919),
 (184,'Lanie Smalarz','lanie.smalarz@yahoo.com','123','1917-03-26','female','O-',67,NULL,'7826757','9644679260','5149 Maria Rd',9,202),
 (185,'Jaleesa Polintan','jpolintan@polintan.co.uk','123','1905-03-05','female','AB-',46,NULL,'7204255','9761865998','8 Taylor St',28,767),
 (186,'Tamekia Flotow','tamekia.flotow@hotmail.com','123','1903-03-14','male','AB+',52,NULL,'7169918','9572800260','588 Venmore St',31,980),
 (187,'Ula Otey','ula@hotmail.com','123','1906-06-04','male','A+',64,NULL,'7369713','9328348213','1 Newby St',31,1000),
 (188,'Rosendo Ratel','rratel@yahoo.com','123','1914-01-24','female','A-',46,NULL,'7598864','9392033511','5588 Lake St #903',21,601),
 (189,'Timmy Lintner','tlintner@hotmail.com','123','1910-06-18','female','B+',61,NULL,'7483510','9365992251','9112 Hardwick St',17,375),
 (190,'Zita Speltz','zita_speltz@yahoo.com','123','1900-07-09','female','B+',40,NULL,'7189634','9327330838','2395 Gloucester Pl',21,662),
 (191,'Aleisha Lemm','aleisha.lemm@gmail.com','123','1903-12-14','male','O+',68,NULL,'7665172','9545456413','341 Birchfield St',17,433),
 (192,'Naomi Lavezzo','naomi.lavezzo@yahoo.com','123','1903-04-22','male','B+',69,NULL,'7636307','9564181261','9854 Ranelagh Place',12,256),
 (193,'Aretha Bowling','aretha@hotmail.com','123','1907-02-12','male','B-',44,NULL,'7638727','9277815800','8 Nova Scotia',12,261),
 (194,'Mila Figuera','mila_figuera@yahoo.com','123','1901-12-19','female','B+',66,NULL,'7766812','9884502167','72 Lime Place',34,1102),
 (195,'Orville Zuehl','orville_zuehl@zuehl.co.uk','123','1914-03-27','male','A+',79,NULL,'7264258','9351113302','907 Denman St',20,516),
 (196,'Gabriele Geschke','gabriele@geschke.co.uk','123','1903-02-07','female','A-',49,NULL,'7909591','9788522101','5 Garfield St #9',21,605),
 (197,'Kara Jaquish','kara@yahoo.com','123','1915-07-27','female','O+',42,NULL,'7280790','9677380686','345 Feltwell Rd',26,715),
 (198,'Kenny Lin','kenny@lin.co.uk','123','1910-08-27','male','AB+',58,NULL,'7636980','9660775676','1 Towson St',17,383),
 (199,'Vashti Sugai','vashti@gmail.com','123','1918-02-02','male','AB-',59,NULL,'7797954','9401390529','4 Candia St #6',34,1055),
 (200,'Jordan Handsaker','jordan_handsaker@gmail.com','123','1917-08-06','female','B+',58,NULL,'7299723','9509741135','2 Cherry Lane',18,486),
 (201,'Carisa Degenhardt','carisa.degenhardt@degenhardt.co.uk','123','1901-03-18','female','O+',42,NULL,'7713257','9545127826','7 Britannia Ave #875',31,945),
 (202,'Audrie Danaher','adanaher@yahoo.com','123','1909-10-29','male','B+',52,NULL,'7218279','9657162195','63 Brunswick Sq',34,1052),
 (203,'Shaunna Rodamis','shaunna.rodamis@yahoo.com','123','1905-02-21','female','B-',76,NULL,'7651361','9562888666','5 Gainsborough Rd',33,1044),
 (204,'Coleen Langer','coleen.langer@hotmail.com','123','1905-06-25','female','B+',63,NULL,'7799373','9517038359','745 Goodall St #9309',6,120),
 (205,'Katie Choinski','katie@choinski.co.uk','123','1913-05-08','male','A+',68,NULL,'7891224','9779822600','1267 Alderson Rd',31,935),
 (206,'Dannie Brau','dbrau@brau.co.uk','123','1910-12-06','female','A-',62,NULL,'7896214','9314432990','2 Gay St #3702',34,1166),
 (207,'Ashanti Donn','adonn@yahoo.com','123','1917-02-03','female','O+',78,NULL,'7952102','9556982859','3409 Benns Gardens',12,246),
 (208,'Madalyn Dubberly','madalyn.dubberly@gmail.com','123','1906-12-11','male','AB+',43,NULL,'7623956','9362300211','1 Lower Burlington St',33,1046),
 (209,'Santos Signore','santos@gmail.com','123','1905-11-30','male','AB-',63,NULL,'7267231','9477714547','4706 Chapel Place #5993',13,298),
 (210,'Alyce Flamino','alyce@yahoo.com','123','1903-06-04','female','B+',52,NULL,'7352258','9629975392','4 Mather St',31,954),
 (211,'Pearly Ero','pero@hotmail.com','123','1917-12-04','male','A-',62,NULL,'7813755','9504521536','9960 Gilroy Rd',28,759),
 (212,'Cherrie Nitschke','cherrie_nitschke@yahoo.com','123','1910-09-24','female','A+',73,NULL,'7506971','9511745061','3 Burnall St',34,1166),
 (213,'Maia Shadd','maia_shadd@gmail.com','123','1917-08-27','male','O+',78,NULL,'7598828','9649877610','8 Bigham Rd',26,729),
 (214,'Edwin Logghe','edwin_logghe@hotmail.com','123','1907-05-14','female','O-',47,NULL,'7288671','9250586003','950 Gordon St',17,436),
 (215,'Leigha Semenza','lsemenza@yahoo.com','123','1907-10-25','female','AB-',60,NULL,'7401011','9498567177','784 Juno St #7653',21,679),
 (216,'Walker Seeger','walker.seeger@yahoo.com','123','1903-02-04','female','AB+',64,NULL,'7797768','9355968292','69 Chantrey St #90',2,10),
 (217,'Nakita Rodrigues','nakita_rodrigues@gmail.com','123','1912-03-13','male','A+',56,NULL,'7212611','9840559961','4 Northbrook St #600',21,644),
 (218,'Kattie Ozane','kozane@gmail.com','123','1910-03-04','male','A-',45,NULL,'7222575','9868855785','526 Liffey St #759',21,627),
 (219,'Lamar Suite','lsuite@yahoo.com','123','1900-05-31','female','B+',75,NULL,'7278450','9779411578','6301 Dorset Rd',35,1168),
 (220,'Juliana Uken','juliana.uken@yahoo.com','123','1916-09-07','female','B+',66,NULL,'7362671','9851597159','4 Summer Seat Bootle',12,256),
 (221,'Chan Loftin','chan@gmail.com','123','1905-03-16','female','O+',48,NULL,'7141124','9743508367','84 Walton Village',31,1000),
 (222,'Delpha Detamore','delpha.detamore@yahoo.com','123','1910-02-02','male','B+',59,NULL,'7430035','9561299408','8 Tagus St #9814',2,30),
 (223,'Floyd Tivis','floyd_tivis@hotmail.com','123','1902-04-30','male','B-',57,NULL,'7347206','9341565282','770 Jamaica St',6,118),
 (224,'Chantell Besong','chantell_besong@gmail.com','123','1914-10-26','male','B+',68,NULL,'7299664','9589089936','11 Tetlow St',29,846),
 (225,'Martin Fonua','mfonua@yahoo.com','123','1917-02-26','female','A+',58,NULL,'7946722','9832769946','7642 Ledward St',12,262),
 (226,'Hyun Erdman','hyun@gmail.com','123','1915-11-23','male','A-',76,NULL,'7725304','9543360876','1432 Rutland Ave',32,1017),
 (227,'Nada Arey','nada@hotmail.com','123','1914-10-10','male','O+',76,NULL,'7287193','9696493649','22 Harewood St #95',7,188),
 (228,'Elizabeth Pata','elizabeth@gmail.com','123','1901-04-27','female','AB+',64,NULL,'7539734','9670706077','645 Lister Drive',34,1142),
 (229,'Dominic Washmuth','dwashmuth@hotmail.com','123','1913-04-03','male','AB-',73,NULL,'7235129','9734039287','8977 Old Leeds St #87',34,1138),
 (230,'Alise Packebush','alise.packebush@gmail.com','123','1904-12-30','male','B+',57,NULL,'7759955','9889825027','22 Delamore St',2,47),
 (231,'Flo Bardsley','flo.bardsley@hotmail.com','123','1901-04-15','female','A-',60,NULL,'7831185','9581392671','35 Walton Lane',36,1187),
 (232,'Bonita Sandblom','bsandblom@gmail.com','123','1916-02-26','male','A+',58,NULL,'7255180','9763756591','22 Kilshaw St',6,162),
 (233,'Royal Rush','royal.rush@yahoo.com','123','1901-10-14','male','O+',43,NULL,'7685915','9459832489','1 Argyle St',34,1118),
 (234,'Erasmo Talentino','erasmo.talentino@hotmail.com','123','1905-08-30','female','O-',45,NULL,'7776345','9840472102','3 Garden Lane',2,76),
 (235,'Mari Smeby','msmeby@gmail.com','123','1916-09-24','female','AB-',67,NULL,'7454600','9558861326','4309 Chisenhale St',36,1213),
 (236,'Eleonora Ventry','eleonora@gmail.com','123','1909-07-13','male','AB+',69,NULL,'7251345','9603011506','758 Woodhouse St',16,352),
 (237,'Therese Shiraki','tshiraki@gmail.com','123','1906-03-15','female','A+',62,NULL,'7799549','9354191140','18 Ouse St',20,505),
 (238,'Rodolfo Scavuzzo','rodolfo_scavuzzo@yahoo.com','123','1901-05-08','male','A-',57,NULL,'7884450','9704868540','5 Ruskin St',32,1024),
 (239,'Cruz Fanelli','cruz@hotmail.com','123','1913-08-20','female','B+',78,NULL,'7334511','9597143011','4565 Blackstock St',17,398),
 (240,'Arlyne Dellinger','arlyne.dellinger@yahoo.com','123','1913-12-15','female','B+',71,NULL,'7794544','9615548553','8361 Cottenham St',4,108),
 (241,'Edward Strejan','edward_strejan@gmail.com','123','1911-11-29','male','O+',43,NULL,'7193124','9717588270','1267 Audley St',32,1007),
 (242,'Christoper Sheneman','christoper@gmail.com','123','1901-06-04','female','B+',59,NULL,'7737486','9747012715','845 Atherton St',36,1229),
 (243,'Melda Colamarino','melda.colamarino@colamarino.co.uk','123','1912-02-03','male','B-',54,NULL,'7385329','9313893126','150 Margaret Rd',28,795),
 (244,'Margot Peay','margot.peay@yahoo.com','123','1905-07-17','male','B+',69,NULL,'7327233','9665091641','9923 Dinorben St #4838',7,200),
 (245,'Gerald Drozdenko','gdrozdenko@yahoo.com','123','1906-02-03','male','A+',78,NULL,'7207433','9351158021','186 Craven St #68',29,852),
 (246,'Tomoko Renno','tomoko@renno.co.uk','123','1909-03-31','female','A-',65,NULL,'7667701','9363417829','5160 High St #38',31,987),
 (247,'Mendy Wassmann','mendy.wassmann@wassmann.co.uk','123','1912-08-19','male','O+',80,NULL,'7647449','9380719185','3833 Sidney Rd',6,163),
 (248,'Daryl Hilcher','dhilcher@hotmail.com','123','1915-07-18','male','AB+',57,NULL,'7356857','9595942489','6267 Greenland St',12,225),
 (249,'Ty Feeback','tfeeback@gmail.com','123','1916-10-31','female','AB-',55,NULL,'7378646','9743327420','14 Landseer Rd',18,465),
 (250,'King Vanacore','king_vanacore@yahoo.com','123','1907-11-15','female','B+',79,NULL,'7932838','9319624070','30 Seville St',29,856),
 (251,'Isidra Varnado','ivarnado@varnado.co.uk','123','1916-12-16','female','O+',74,NULL,'7321652','9879968802','79 Chelmsford St',18,443),
 (252,'Tonja Driesenga','tdriesenga@driesenga.co.uk','123','1907-09-12','male','B+',70,NULL,'7375924','9369674897','8 South John St',29,849),
 (253,'Shaquana Featherston','shaquana@hotmail.com','123','1911-01-05','female','B-',72,NULL,'7722117','9527746775','50 Townsend St',28,769),
 (254,'Gilberto Feagins','gfeagins@gmail.com','123','1908-02-08','male','B+',52,NULL,'7488231','9656918444','7643 Campbell St',29,834),
 (255,'Rex Faehnle','rfaehnle@faehnle.co.uk','123','1918-02-26','male','A+',69,NULL,'7953004','9773433951','371 Oakleigh',29,810),
 (256,'Adolph Cunningham','adolph_cunningham@hotmail.com','123','1915-12-21','female','A-',80,NULL,'7645380','9880381962','9874 Oakfield Rd',6,168),
 (257,'Queen Leader','queen_leader@gmail.com','123','1908-06-28','male','O+',67,NULL,'7315020','9563616139','6 Princes St',21,682),
 (258,'Rebbecca Rufenacht','rrufenacht@yahoo.com','123','1900-09-18','female','AB+',52,NULL,'7693807','9501495099','4190 Seacombe St',31,920),
 (259,'Ardella Goldrup','ardella.goldrup@goldrup.co.uk','123','1913-11-23','female','AB-',44,NULL,'7573236','9878561639','3145 Rhyl St',32,1027),
 (260,'Dallas Miyashiro','dallas_miyashiro@miyashiro.co.uk','123','1914-04-02','male','B+',74,NULL,'7784800','9515443048','4919 Lime Grove',31,909),
 (261,'Vivan Jenious','vjenious@yahoo.com','123','1904-11-14','female','A-',60,NULL,'7399209','9597428800','8 Carolina St',12,266),
 (262,'Han Dzledzic','han_dzledzic@hotmail.com','123','1906-12-29','male','A+',56,NULL,'7799939','9387615493','1592 Price St',31,981),
 (263,'Emilio Guitierrez','emilio_guitierrez@guitierrez.co.uk','123','1916-12-04','female','O+',51,NULL,'7771680','9520752522','2 Weller St',18,469),
 (264,'Latia Cos','lcos@yahoo.com','123','1910-09-13','female','O-',79,NULL,'7603279','9495715397','18 Thomas St',34,1097),
 (265,'Lilli Cureau','lilli@yahoo.com','123','1906-09-21','male','AB-',59,NULL,'7780341','9317383487','42 Hey Green Rd',35,1182),
 (266,'Maryanne Siske','maryanne@hotmail.com','123','1904-08-29','female','AB+',77,NULL,'7492188','9258432897','256 Vesuvius St #159',26,722),
 (267,'Eliz Strimple','eliz@gmail.com','123','1914-11-06','male','A+',66,NULL,'7352628','9711884964','82 Denison St #2642',28,752),
 (268,'Laura Gumaer','laura_gumaer@gmail.com','123','1917-11-21','female','A-',80,NULL,'7562451','9485000854','1779 Bird St',6,155),
 (269,'Leanora Respicio','lrespicio@respicio.co.uk','123','1913-06-10','male','B+',41,NULL,'7619677','9266686827','99 College St South #1',13,298),
 (270,'Sherell Pomarico','spomarico@hotmail.com','123','1902-02-26','female','B+',78,NULL,'7485351','9763927108','29 Greenleaf St',21,605),
 (271,'Charlie Isita','charlie@isita.co.uk','123','1918-01-24','male','O+',56,NULL,'7314463','9312048011','39 Hooton Place',34,1067),
 (272,'Veronique Nuckolls','vnuckolls@gmail.com','123','1901-04-25','male','B+',66,NULL,'7317696','9507325377','198 Ranelagh Place',20,563),
 (273,'Antonio Villamarin','antonio.villamarin@gmail.com','123','1906-08-27','male','B-',53,NULL,'7788004','9328802933','353 Standish St #8264',17,391),
 (274,'Louvenia Kincannon','lkincannon@kincannon.co.uk','123','1916-06-01','male','B+',57,NULL,'7798739','9779180516','87 Eldon Place',18,483),
 (275,'Roxanne Hedegore','roxanne_hedegore@gmail.com','123','1902-10-05','female','A+',52,NULL,'7304113','9598267904','592 Catharine St',26,717),
 (276,'Eve Hoffstot','eve.hoffstot@yahoo.com','123','1907-04-27','male','A-',65,NULL,'7703893','9569078853','1661 Arrow St',34,1101),
 (277,'Kenda Koza','kkoza@koza.co.uk','123','1901-12-21','female','O+',68,NULL,'7641349','9774497308','7 Netley St',26,746),
 (278,'Elden Mercik','elden_mercik@mercik.co.uk','123','1916-03-12','male','AB+',60,NULL,'7431488','9597596819','7 St Edmonds Rd',36,1202),
 (279,'Kami Ferre','kami@yahoo.com','123','1900-11-18','female','AB-',48,NULL,'7400766','9470628469','6996 Wrenbury St',4,90),
 (280,'Selene Zeng','selene@yahoo.com','123','1901-10-08','female','B+',62,NULL,'7819893','9690764929','2 Prince Rupert St',20,555),
 (281,'Deangelo Rardon','deangelo_rardon@yahoo.com','123','1901-12-07','female','A-',63,NULL,'7522081','9539664317','9970 Clyde Rd',12,244),
 (282,'Olen Ailey','olen@gmail.com','123','1904-05-21','male','A+',68,NULL,'7790071','9694257630','9 Fielding St',20,570),
 (283,'Lanie Smarsh','lanie@yahoo.com','123','1905-01-24','male','O+',74,NULL,'7780859','9555200788','555 Ludlow St',26,733),
 (284,'Lynna Breheny','lynna@yahoo.com','123','1914-07-09','female','O-',47,NULL,'7436316','9687869725','1 James St #4',34,1092),
 (285,'Jody Klitzing','jody_klitzing@hotmail.com','123','1915-02-09','male','AB-',47,NULL,'7300203','9473310689','3 Byng St #524',6,158),
 (286,'Antonio Glasford','antonio_glasford@glasford.co.uk','123','1916-06-29','female','AB+',49,NULL,'7739198','9706580118','425 Howley St',21,583),
 (287,'Merilyn Scurci','merilyn_scurci@hotmail.com','123','1916-12-19','male','A+',69,NULL,'7633793','9619424860','4041 Virgil St',34,1103),
 (288,'Elliott Kins','elliott@gmail.com','123','1908-01-21','male','A-',65,NULL,'7262338','9728839687','32 High Park St #44',14,324),
 (289,'Leonie Devereux','leonie_devereux@gmail.com','123','1905-02-12','female','B+',77,NULL,'7747772','9865952484','88 Vernon St',25,713),
 (290,'Eulah Syrop','eulah@syrop.co.uk','123','1903-09-27','male','B+',74,NULL,'7841839','9813679259','62 Euston St',28,785),
 (291,'Marsha Tarry','marsha.tarry@yahoo.com','123','1909-09-06','male','O+',65,NULL,'7445130','9374573091','74 Medlock St',16,354),
 (292,'Mignon Luger','mignon@gmail.com','123','1904-03-28','female','B+',47,NULL,'7730200','9423744869','80 Talbot St',13,309),
 (293,'Tu Rivet','tu_rivet@gmail.com','123','1909-01-19','female','B-',43,NULL,'7346314','9650658795','31 Buckingham Ave #3785',36,1223),
 (294,'Adelle Schantini','adelle_schantini@yahoo.com','123','1906-06-28','male','B+',43,NULL,'7740727','9285356955','162 Grayson St',35,1184),
 (295,'Douglass Fonnesbeck','douglass@fonnesbeck.co.uk','123','1904-04-25','male','A+',49,NULL,'7728571','9865855571','5 Webb St #8',28,797),
 (296,'Evette Mazierski','emazierski@mazierski.co.uk','123','1917-01-13','male','A-',71,NULL,'7486602','9414456955','8092 Firdale Rd',2,76),
 (297,'Geraldo Okoren','gokoren@okoren.co.uk','123','1912-10-31','female','O+',79,NULL,'7471793','9468617145','68 Carno St',20,543),
 (298,'Clarinda Pelayo','cpelayo@pelayo.co.uk','123','1904-02-13','male','AB+',45,NULL,'7642276','9446401738','714 Moored St',2,35),
 (299,'Reuben Mccorrison','reuben.mccorrison@hotmail.com','123','1907-07-12','male','AB-',48,NULL,'7335914','9788937934','545 North John St',35,1177),
 (300,'Yen Groody','ygroody@groody.co.uk','123','1915-04-13','female','B+',74,NULL,'7828022','9392915604','21 Pilgrim St',35,1181),
 (301,'Tanja Milne','tanja.milne@yahoo.com','123','1917-05-20','male','O+',40,NULL,'7505937','9304022973','9772 Teilo St',17,376),
 (302,'Jerlene Holtgrewe','jholtgrewe@yahoo.com','123','1902-01-29','female','B+',63,NULL,'7133305','9291293069','33 Fonthill Rd',18,466),
 (303,'Almeta Keehner','akeehner@hotmail.com','123','1901-03-12','male','B-',53,NULL,'7750170','9766807505','3 Ivyleigh',13,304),
 (304,'Wilda Brigham','wilda@brigham.co.uk','123','1913-07-19','female','B+',72,NULL,'7918875','9801190050','501 Sandon Terrace #200',34,1111),
 (305,'Remedios Arlinghaus','remedios.arlinghaus@gmail.com','123','1902-11-20','male','A+',62,NULL,'7569053','9348065722','9 Duckenfield St',20,501),
 (306,'Margret Alcazar','margret@alcazar.co.uk','123','1912-08-04','female','A-',64,NULL,'7794072','9789336788','5466 Sedley St',17,426),
 (307,'Denny Casalenda','dcasalenda@gmail.com','123','1918-04-19','female','O+',55,NULL,'7163978','9398308917','75 Brewster St #453',31,994),
 (308,'Carolynn Atkison','carolynn.atkison@hotmail.com','123','1901-06-03','female','AB+',66,NULL,'7741820','9250805698','7901 Beech St',34,1093),
 (309,'Amina Goulbourne','amina@yahoo.com','123','1915-07-02','female','AB-',50,NULL,'7435555','9338655156','684 Cotswold St',34,1121),
 (310,'Janna Przybyl','jprzybyl@przybyl.co.uk','123','1911-03-23','female','B+',68,NULL,'7819693','9445041383','5 April Rd #13',4,105),
 (311,'Emiko Sayre','emiko.sayre@yahoo.com','123','1908-07-16','male','A-',79,NULL,'7360390','9405336116','8 Village St',6,181),
 (312,'In Muns','in_muns@muns.co.uk','123','1917-04-25','female','A+',44,NULL,'7498459','9237931744','7 Haddock St #34',21,615),
 (313,'Eleni Vanscoik','eleni_vanscoik@gmail.com','123','1904-12-13','male','O+',46,NULL,'7480009','9610176772','9 Mather St',17,432),
 (314,'Kandis Alsbury','kalsbury@hotmail.com','123','1900-08-04','female','O-',78,NULL,'7712831','9748302288','70 Rose Vale',21,678),
 (315,'Kina Saltman','kina_saltman@gmail.com','123','1913-12-29','female','AB-',75,NULL,'7625705','9611870759','29 Oregon St',20,524),
 (316,'Jacki Sterback','jacki.sterback@gmail.com','123','1910-09-04','male','AB+',78,NULL,'7693207','9642618645','15 East Albert Rd',21,622),
 (317,'Fallon Kerfoot','fallon.kerfoot@gmail.com','123','1913-11-08','male','A+',68,NULL,'7864646','9860694030','3186 Naylor St',29,810),
 (318,'Precious Brabble','precious_brabble@brabble.co.uk','123','1900-07-10','male','A-',77,NULL,'7563570','9504522726','9 Herbert St #77',29,826),
 (319,'Glory Ona','glory_ona@gmail.com','123','1918-02-21','female','B+',71,NULL,'7536737','9597159879','9830 Croxteth Rd',21,603),
 (320,'Tamesha Tyburski','tamesha.tyburski@gmail.com','123','1916-12-07','female','B+',72,NULL,'7491689','9670784830','1054 Gladys St',32,1035),
 (321,'Brande Cutlip','bcutlip@yahoo.com','123','1903-05-02','female','O+',60,NULL,'7547138','9391702607','921 Douro St #1520',2,78),
 (322,'Olene Skubis','olene_skubis@yahoo.com','123','1915-03-02','male','B+',53,NULL,'7716376','9876411429','180 Frodsham St',12,228),
 (323,'Carey Marchetta','cmarchetta@hotmail.com','123','1903-03-07','male','B-',48,NULL,'7279829','9796099451','7217 Edge Grove',20,544),
 (324,'Launa Torez','launa.torez@yahoo.com','123','1912-02-17','female','B+',75,NULL,'7793127','9417410226','12 Gelling St',21,581),
 (325,'Dominga Whitrock','dominga@whitrock.co.uk','123','1900-05-12','male','A+',40,NULL,'7704780','9717420644','763 Roscoe St',6,158),
 (326,'Dwight Belyea','dbelyea@belyea.co.uk','123','1913-11-09','male','A-',63,NULL,'7727031','9733569178','419 St Andrew St',28,790),
 (327,'Cornell Mccrossin','cornell.mccrossin@mccrossin.co.uk','123','1907-09-12','female','O+',70,NULL,'7250836','9432776274','623 Cornhill',12,269),
 (328,'Alverta Topete','alverta.topete@gmail.com','123','1906-07-11','male','AB+',45,NULL,'7810629','9277721737','328 Havelock St #61',2,40),
 (329,'Felicia Claybrooks','felicia@claybrooks.co.uk','123','1916-04-10','female','AB-',47,NULL,'7900974','9741005680','1056 College St South',36,1214),
 (330,'Carmen Gillham','carmen@hotmail.com','123','1914-03-01','male','B+',61,NULL,'7377061','9733459401','11 Denison St #7',34,1118),
 (331,'Ashlee Beyl','ashlee.beyl@hotmail.com','123','1914-02-02','male','A-',55,NULL,'7297069','9410528995','30 Daulby St',30,886),
 (332,'Vannessa Land','vannessa.land@yahoo.com','123','1916-09-05','female','A+',42,NULL,'7210047','9846418143','201 Bran St',36,1224),
 (333,'Patti Rempel','patti@rempel.co.uk','123','1900-11-01','female','O+',57,NULL,'7405165','9471507481','1346 Vandyke St',12,227),
 (334,'German Meyerhoff','german@meyerhoff.co.uk','123','1916-11-26','male','O-',63,NULL,'7620152','9579344887','883 Howe St',7,182),
 (335,'Anika Marse','anika@marse.co.uk','123','1916-08-31','female','AB-',68,NULL,'7274672','9446170587','231 Wordsworth St',26,718),
 (336,'Cristina Marola','cmarola@gmail.com','123','1910-07-08','male','AB+',80,NULL,'7647266','9463438995','2449 Amberly St #6364',24,706),
 (337,'Lemuel Allis','lemuel_allis@yahoo.com','123','1915-06-04','female','A+',47,NULL,'7729072','9361416523','8430 Shadwell St',32,1019),
 (338,'Joaquin Hysom','jhysom@gmail.com','123','1908-09-08','male','A-',58,NULL,'7950975','9428310430','115 Lister Rd',17,412),
 (339,'Kerrie Makuch','kmakuch@gmail.com','123','1917-01-10','male','B+',77,NULL,'7664293','9353654941','7855 Sir Thomas St #7499',21,626),
 (340,'Alaine Raterman','alaine@hotmail.com','123','1908-09-21','female','B+',64,NULL,'7807935','9856089034','1 Milton St',12,254),
 (341,'Shannon Kobayashi','shannon@yahoo.com','123','1916-03-23','female','O+',80,NULL,'7442487','9310617283','1111 Nesfield St',28,767),
 (342,'Corinne Holman','corinne@holman.co.uk','123','1910-07-25','female','B+',67,NULL,'7281512','9505381275','1831 Richards St #8',34,1066),
 (343,'Heidy Hallford','hhallford@hotmail.com','123','1913-01-30','female','B-',40,NULL,'7463732','9491461031','8054 Low Hill',17,420),
 (344,'Marylyn Shonerd','marylyn_shonerd@yahoo.com','123','1902-06-19','male','B+',76,NULL,'7507763','9493766662','7252 Dansie St',18,456),
 (345,'Maryln Mortenson','maryln@gmail.com','123','1915-09-16','male','A+',60,NULL,'7525807','9326076840','76 Paulton St',17,369),
 (346,'Pearlie Flori','pearlie_flori@gmail.com','123','1902-08-02','female','A-',79,NULL,'7883086','9421941266','4 Cochrane St',20,506),
 (347,'Nina Yaklin','nyaklin@hotmail.com','123','1900-05-15','male','O+',61,NULL,'7560396','9725933964','5679 Gloucester Pl',13,286),
 (348,'Vivienne Torrain','vivienne@hotmail.com','123','1915-01-04','male','AB+',72,NULL,'7126649','9595410922','45 Ledward St',35,1168),
 (349,'Jacob Kippel','jacob.kippel@yahoo.com','123','1907-05-21','female','AB-',69,NULL,'7755893','9281635680','4 Monmouth Rd',6,156),
 (350,'Tula Nahmias','tnahmias@nahmias.co.uk','123','1916-09-14','male','B+',63,NULL,'7125745','9602875270','64 Croyland St',36,1210),
 (351,'Berry Scandalis','berry.scandalis@gmail.com','123','1915-05-01','female','O+',41,NULL,'7325867','9669405709','4 Vivian St',21,671),
 (352,'Kaycee Carsten','kaycee.carsten@gmail.com','123','1914-10-24','female','B+',69,NULL,'7715057','9602324297','35 Dublin St',29,880),
 (353,'Melvin Setter','melvin_setter@setter.co.uk','123','1917-01-06','female','B-',56,NULL,'7691863','9528565936','87 Pickup St',29,876),
 (354,'Brianne Matsumura','brianne@matsumura.co.uk','123','1915-05-10','male','B+',68,NULL,'7251718','9760168991','7 Cottenham St',16,357),
 (355,'Eugene Pelzer','eugene_pelzer@gmail.com','123','1917-08-18','female','A+',70,NULL,'7865714','9846999489','622 Holmes St',31,965),
 (356,'Margery Rohrs','margery@hotmail.com','123','1905-01-24','male','A-',52,NULL,'7861574','9585148574','40 Peters Lane',10,204),
 (357,'Noel Sarra','nsarra@gmail.com','123','1904-07-11','female','O+',49,NULL,'7665263','9365186697','2 Cockburn St',29,880),
 (358,'Beula Lingo','beula_lingo@yahoo.com','123','1908-01-23','male','AB+',46,NULL,'7804635','9231672823','65 Oban Rd',6,122),
 (359,'Sheridan Mckenize','sheridan.mckenize@hotmail.com','123','1915-05-24','female','AB-',60,NULL,'7202659','9688560385','31 Davy St',30,885),
 (360,'Dino Meinert','dino.meinert@yahoo.com','123','1910-09-16','female','B+',44,NULL,'7686566','9790545340','80 Ellerslie Rd',2,11),
 (361,'Rebbeca Rubinstein','rebbeca_rubinstein@hotmail.com','123','1914-03-27','female','A-',67,NULL,'7932746','9375738598','4 Sherwood St',28,788),
 (362,'Celia Reisling','celia.reisling@hotmail.com','123','1906-05-13','female','A+',73,NULL,'7150710','9559497385','8362 Whithorn St',7,195),
 (363,'Stefania Weatherwax','sweatherwax@yahoo.com','123','1900-06-21','female','O+',48,NULL,'7896159','9300068207','25 Dale St #2',28,793),
 (364,'Leah Luchterhand','leah@hotmail.com','123','1910-04-18','male','O-',72,NULL,'7663627','9412443836','68 Scotland Place',6,174),
 (365,'Billy Selma','billy.selma@yahoo.com','123','1916-10-26','male','AB-',56,NULL,'7963836','9854483641','338 Alfonso Rd',12,267),
 (366,'Doug Lucore','dlucore@yahoo.com','123','1911-03-27','female','AB+',54,NULL,'7364400','9495245198','65 Rankin St',21,583),
 (367,'Veronica Mcclodden','veronica@hotmail.com','123','1914-08-30','male','A+',45,NULL,'7765753','9683146456','8 Cookson St',32,1018),
 (368,'Laquanda Kho','laquanda.kho@yahoo.com','123','1905-04-23','male','A-',80,NULL,'7352988','9876525114','7 Lockhart St',29,829),
 (369,'Mohammad Poitra','mpoitra@yahoo.com','123','1908-07-19','female','B+',71,NULL,'7141814','9640153228','363 Vandries St',28,798),
 (370,'Mozell Westad','mozell.westad@westad.co.uk','123','1900-07-28','female','B+',64,NULL,'7619447','9355956233','8 Gertrude St',17,376),
 (371,'Bronwyn Bridgford','bronwyn.bridgford@yahoo.com','123','1908-05-01','female','O+',57,NULL,'7703279','9702721981','826 Rumney Rd West #7',29,843),
 (372,'Jeff Brossoit','jeff.brossoit@yahoo.com','123','1916-02-09','female','B+',77,NULL,'7231084','9289129634','954 Madelaine St',2,57),
 (373,'Shantay Hopman','shopman@hopman.co.uk','123','1911-12-06','male','B-',77,NULL,'7162791','9775449026','7602 Brook St #86',6,175),
 (374,'Chantay Jirsa','chantay_jirsa@jirsa.co.uk','123','1916-06-04','female','B+',49,NULL,'7681497','9622733308','966 Bower St',32,1026),
 (375,'Keneth Stpierrie','keneth_stpierrie@hotmail.com','123','1903-04-12','male','A+',67,NULL,'7704012','9563036197','2 Seacombe St',13,298),
 (376,'Alton Rampy','alton_rampy@gmail.com','123','1902-10-16','female','A-',80,NULL,'7232298','9691397684','83 Battenburg St',4,97),
 (377,'Patrick Teisberg','patrick@hotmail.com','123','1912-08-21','female','O+',70,NULL,'7927909','9482169237','2 Whitefield Rd',7,184),
 (378,'Theron Merriam','theron@merriam.co.uk','123','1917-05-01','male','AB+',40,NULL,'7488695','9579306435','869 Luke St',20,504),
 (379,'Pilar Seelig','pilar@yahoo.com','123','1917-09-03','female','AB-',78,NULL,'7513296','9834250350','4 Ogwen St',28,763),
 (380,'Lashunda Argiro','lashunda@yahoo.com','123','1915-06-17','male','B+',70,NULL,'7526224','9665630325','205 Forge St #4021',6,150),
 (381,'Verda Chiphe','vchiphe@chiphe.co.uk','123','1909-11-10','female','A-',50,NULL,'7388993','9764446368','999 Upper Harrington St #61',17,380),
 (382,'Ashley Tropp','ashley.tropp@gmail.com','123','1907-06-09','male','A+',61,NULL,'7194016','9504673592','3 Greenleaf St #5644',29,808),
 (383,'Vesta Havely','vhavely@havely.co.uk','123','1900-11-12','female','O+',70,NULL,'7425100','9749545165','493 Wellington Rd',17,412),
 (384,'Emogene Ritthaler','emogene.ritthaler@yahoo.com','123','1907-06-28','male','O-',73,NULL,'7480866','9389819990','1257 Stone St',26,738),
 (385,'Shayne Mordhorst','smordhorst@mordhorst.co.uk','123','1914-06-08','male','AB-',43,NULL,'7933111','9419693432','1 Bousfield St',31,1002),
 (386,'Franchesca Charry','franchesca@gmail.com','123','1915-07-26','female','AB+',56,NULL,'7940155','9314890527','59 Westminster Rd',12,261),
 (387,'Elmira Ringlein','eringlein@gmail.com','123','1914-08-25','male','A+',69,NULL,'7760547','9643050521','143 Clark St #802',2,60),
 (388,'Destiny Madlem','destiny@yahoo.com','123','1915-05-19','female','A-',80,NULL,'7174289','9778662845','421 Monument Place #44',12,281),
 (389,'Gaston Szumski','gaston.szumski@hotmail.com','123','1917-08-27','male','B+',56,NULL,'7809356','9634801970','8 Gullett St',4,90),
 (390,'Ronna Mittler','ronna_mittler@hotmail.com','123','1905-01-21','female','B+',40,NULL,'7882714','9533566926','2767 Pembroke St #979',28,801),
 (391,'Angelica Poisso','apoisso@gmail.com','123','1917-10-19','male','O+',67,NULL,'7887795','9474624064','47 Orry St #8243',23,701),
 (392,'Casie Arzilli','casie@gmail.com','123','1913-10-05','female','B+',44,NULL,'7561821','9454863398','5 Noon St',31,904),
 (393,'Magdalene Cocherell','magdalene_cocherell@yahoo.com','123','1911-04-16','male','B-',58,NULL,'7766349','9652725305','510 Belvidere Rd',26,717),
 (394,'Erasmo Gath','egath@hotmail.com','123','1904-07-02','female','B+',78,NULL,'7281299','9764653881','860 Rokeby St',31,1001),
 (395,'Rosalia Ziv','rosalia.ziv@ziv.co.uk','123','1909-07-19','male','A+',51,NULL,'7774564','9237270095','9362 Solomon St #97',2,9),
 (396,'Lyda Cronholm','lyda.cronholm@cronholm.co.uk','123','1909-12-30','female','A-',52,NULL,'7901528','9478628948','916 Strand St #4753',17,426),
 (397,'Lisandra Stueber','lisandra_stueber@hotmail.com','123','1908-04-06','male','O+',49,NULL,'7402929','9768913097','5 Bentinck St',15,330),
 (398,'Sabina Prok','sabina.prok@prok.co.uk','123','1904-03-28','male','AB+',71,NULL,'7365425','9308540433','954 Birchdale Rd',16,339),
 (399,'Elenore Gomoran','elenore_gomoran@yahoo.com','123','1909-09-22','male','AB-',64,NULL,'7126807','9796846955','7 Great Orford St',6,126),
 (400,'Brynn Capra','brynn_capra@yahoo.com','123','1910-02-11','male','B+',70,NULL,'7339987','9233001128','488 Mulberry St',21,610),
 (401,'Leeann Flory','leeann@gmail.com','123','1901-05-24','male','O+',69,NULL,'7722546','9242361293','1761 Johnstone St',12,280),
 (402,'Janet Steimer','janet_steimer@hotmail.com','123','1912-02-08','male','B+',79,NULL,'7165826','9298607332','8899 Mere Lane',4,107),
 (403,'Lewis Mellom','lewis@yahoo.com','123','1916-07-09','male','B-',44,NULL,'7177322','9296320270','6 St Hilda St',30,887),
 (404,'Jestine Driscol','jestine_driscol@driscol.co.uk','123','1913-10-08','male','B+',45,NULL,'7874815','9282111842','2725 Underley St #6452',21,646),
 (405,'Tatum Parks','tparks@parks.co.uk','123','1906-04-11','female','A+',45,NULL,'7791712','9462310373','6061 Back Nile St',6,133),
 (406,'Kayleigh Bendle','kayleigh.bendle@bendle.co.uk','123','1901-06-30','male','A-',66,NULL,'7709006','9360477260','9735 Linton St #2284',29,817),
 (407,'Lili Imondi','lili_imondi@hotmail.com','123','1908-10-24','female','O+',47,NULL,'7918592','9538952752','9 Herbert St',31,933),
 (408,'Sunshine Senechal','sunshine.senechal@hotmail.com','123','1916-09-20','female','AB+',67,NULL,'7440475','9243852335','40 Cairo St',18,472),
 (409,'Remona Heier','remona.heier@heier.co.uk','123','1904-02-15','male','AB-',49,NULL,'7229754','9462114694','7199 St Clare Rd',31,939),
 (410,'Gail Carris','gcarris@hotmail.com','123','1903-01-02','female','B+',65,NULL,'7552309','9646000754','6 Conyers St #3346',19,492),
 (411,'Dong Oropeza','doropeza@hotmail.com','123','1909-09-02','male','A-',53,NULL,'7546366','9460229219','8657 Cedar St #2',34,1098),
 (412,'Larue Ocacio','larue@yahoo.com','123','1908-08-10','male','A+',66,NULL,'7386548','9310063865','8 Jacob St',4,89),
 (413,'Goldie Sonkens','gsonkens@sonkens.co.uk','123','1910-05-12','female','O+',69,NULL,'7396907','9810506317','6174 Botanic Pl',32,1039),
 (414,'Shelia Plues','shelia@gmail.com','123','1912-05-07','male','O-',40,NULL,'7654909','9475002031','9730 Dunnet St',13,312),
 (415,'Narcisa Araiza','naraiza@hotmail.com','123','1917-03-15','male','AB-',58,NULL,'7490054','9619159753','8783 High St',20,538),
 (416,'Evelynn Frede','evelynn.frede@gmail.com','123','1910-09-12','female','AB+',69,NULL,'7347360','9854360034','8 Breckfield Road North',12,231),
 (417,'Arlean Calaf','acalaf@yahoo.com','123','1915-12-16','male','A+',54,NULL,'7663937','9461902606','82 Waterhouse Lane',20,543),
 (418,'Tamra Yu','tamra.yu@hotmail.com','123','1901-10-08','male','A-',70,NULL,'7932070','9565552373','2 Park Rd Walton #4338',21,675),
 (419,'Dusti Maricle','dusti@gmail.com','123','1911-09-30','female','B+',47,NULL,'7800265','9513150531','59 Charles St',28,787),
 (420,'Aracelis Donham','aracelis.donham@hotmail.com','123','1909-06-10','female','B+',66,NULL,'7463829','9561668581','593 Kinglake St',29,854),
 (421,'Filiberto Fredrikson','filiberto_fredrikson@gmail.com','123','1903-01-11','male','O+',69,NULL,'7624519','9590663141','404 Aigburth St #4246',32,1037),
 (422,'Leana Stackpole','lstackpole@yahoo.com','123','1906-01-03','female','B+',44,NULL,'7837532','9699361969','690 Copenhagen Rd',18,447),
 (423,'Man Homer','man.homer@gmail.com','123','1905-09-17','female','B-',67,NULL,'7649796','9456637995','7 Canton St',21,659),
 (424,'Lennie Asley','lennie_asley@gmail.com','123','1914-09-03','male','B+',55,NULL,'7694486','9244174737','79 Pine St',4,108),
 (425,'Arletta Naomi','arletta_naomi@naomi.co.uk','123','1907-12-03','male','A+',59,NULL,'7855107','9408337287','9 Lodwick St',31,1003),
 (426,'Chana Perera','chana.perera@hotmail.com','123','1915-10-27','male','A-',74,NULL,'7669531','9699204015','9 Ogwen St',20,502),
 (427,'Nell Pao','npao@gmail.com','123','1905-03-20','male','O+',53,NULL,'7180862','9486751394','1730 Seymour St',6,170),
 (428,'Antonio Heilig','antonio.heilig@gmail.com','123','1913-05-13','female','AB+',51,NULL,'7492534','9621232078','35 Elton St #3',2,14),
 (429,'Gerald Kernagis','gerald_kernagis@kernagis.co.uk','123','1902-11-13','female','AB-',47,NULL,'7662772','9397748750','8 Hinton St #8241',30,889),
 (430,'Sueann Mandril','smandril@hotmail.com','123','1910-02-17','male','B+',69,NULL,'7549068','9872406282','751 Stamford St',2,31),
 (431,'Alayna Hoyal','alayna_hoyal@hotmail.com','123','1902-05-07','female','A-',52,NULL,'7709574','9263190389','70 Royal St',21,679),
 (432,'Talia Marthe','talia.marthe@gmail.com','123','1910-02-16','female','A+',43,NULL,'7269328','9728181690','5 Minerva St',4,107),
 (433,'Pansy Kopan','pansy@kopan.co.uk','123','1905-08-10','male','O+',77,NULL,'7770422','9569200518','1 Northampton St',13,287),
 (434,'Royce Saik','royce@hotmail.com','123','1913-07-09','male','O-',61,NULL,'7805137','9265389586','2 Maple Grove',6,157),
 (435,'Cherelle Sorrel','cherelle_sorrel@gmail.com','123','1911-07-25','female','AB-',45,NULL,'7681499','9853697450','794 Hook St',29,872),
 (436,'Dudley Dibartolo','dudley_dibartolo@yahoo.com','123','1909-09-27','male','AB+',47,NULL,'7470010','9348763337','91 Ludlow St',6,117),
 (437,'Nettie Aldaco','nettie.aldaco@yahoo.com','123','1903-03-10','female','A+',60,NULL,'7541639','9235103436','51 Freehold St #224',25,708),
 (438,'Carline Bulcao','carline@yahoo.com','123','1917-06-04','female','A-',55,NULL,'7347413','9386219889','7 Hey Green Rd #4',24,706),
 (439,'Shanda Lunger','slunger@gmail.com','123','1916-11-24','male','B+',77,NULL,'7352009','9319422584','2476 Marsh St',21,581),
 (440,'Emilio Withers','emilio_withers@yahoo.com','123','1913-02-22','male','B+',59,NULL,'7211705','9696805257','597 Threlfall St #72',20,553),
 (441,'Lovetta Study','lovetta@study.co.uk','123','1906-07-03','female','O+',42,NULL,'7351880','9783098303','1 Jervis St',18,470),
 (442,'Felice Gone','felice.gone@hotmail.com','123','1904-08-21','male','B+',53,NULL,'7673792','9253711265','7602 Grantham St',24,707),
 (443,'Stefania Leadbeater','stefania_leadbeater@hotmail.com','123','1901-04-12','male','B-',73,NULL,'7548288','9249412792','10 Carisbrooke St',31,908),
 (444,'Margarita Orloski','margarita_orloski@yahoo.com','123','1914-12-22','female','B+',70,NULL,'7291676','9520181968','78 Pine Grove',2,43),
 (445,'Paul Farrin','paul.farrin@farrin.co.uk','123','1913-07-23','male','A+',48,NULL,'7777238','9438941668','7 Varthen St',31,959),
 (446,'Anglea Tritten','anglea_tritten@hotmail.com','123','1904-09-29','male','A-',72,NULL,'7852486','9625466279','8 Thomaston St',21,684),
 (447,'Ona Bowhall','ona@yahoo.com','123','1909-10-23','female','O+',55,NULL,'7257760','9855292201','527 Harding St',27,751),
 (448,'Germaine Hascall','ghascall@hotmail.com','123','1913-05-26','male','AB+',67,NULL,'7445413','9709099539','1616 Menzies St #453',28,778),
 (449,'Vicky Schellenberge','vschellenberge@hotmail.com','123','1904-12-23','female','AB-',56,NULL,'7243693','9585140625','3922 Leda St',33,1048),
 (450,'Carolann Gross','carolann@gross.co.uk','123','1917-12-07','male','B+',61,NULL,'7379583','9260156557','6352 Grosvenor St',29,882),
 (451,'Rusty Adelsperger','rusty.adelsperger@yahoo.com','123','1901-11-13','male','O+',79,NULL,'7790462','9771847892','4313 Princes Park Terrace',13,311),
 (452,'Cassandra Bludworth','cbludworth@yahoo.com','123','1912-11-12','female','B+',41,NULL,'7339263','9687267854','9 Sydney Place',33,1049),
 (453,'Teresita Gesell','teresita_gesell@hotmail.com','123','1904-01-03','female','B-',42,NULL,'7947114','9610092528','2015 Suburban Rd',17,417),
 (454,'Evangelina Gius','evangelina.gius@yahoo.com','123','1905-11-10','female','B+',55,NULL,'7232323','9784771723','769 Euston St',31,979),
 (455,'Marlon Tromblay','mtromblay@yahoo.com','123','1916-02-06','male','A+',64,NULL,'7713046','9307375941','46 Stevenson St',34,1117),
 (456,'Quiana Scarsella','quiana_scarsella@hotmail.com','123','1917-09-25','male','A-',79,NULL,'7502879','9888416296','1400 Ash St',26,726),
 (457,'Viki Humeniuk','vhumeniuk@gmail.com','123','1915-07-01','male','O+',65,NULL,'7718497','9828006907','8822 Trafalgar St',28,775),
 (458,'Domitila Weissmann','domitila@gmail.com','123','1901-12-26','male','AB+',54,NULL,'7133624','9462809899','28 Berwick St',18,464),
 (459,'Ivan Aronov','ivan@gmail.com','123','1916-03-20','female','AB-',73,NULL,'7133247','9503027002','94 Regent St',26,721),
 (460,'Anabel Baldock','anabel_baldock@hotmail.com','123','1900-07-23','male','B+',41,NULL,'7323053','9792896844','30 Marine Parade #1',17,438),
 (461,'Carlton Blyler','carlton@blyler.co.uk','123','1911-02-18','male','A-',46,NULL,'7451855','9575928061','8 Pim Hill St',32,1026),
 (462,'Rashida Vera','rashida@hotmail.com','123','1906-11-28','female','A+',76,NULL,'7211064','9466339571','8451 Bengel St',28,800),
 (463,'Sherron Knodel','sherron@knodel.co.uk','123','1902-08-11','male','O+',43,NULL,'7514638','9833457682','159 Carlton St',32,1014),
 (464,'Cora Mossing','cora@yahoo.com','123','1902-02-12','male','O-',78,NULL,'7777723','9355131859','38 Raffles St',11,208),
 (465,'Altha Tischner','altha@hotmail.com','123','1911-12-27','female','AB-',73,NULL,'7658961','9775881203','650 Goring St',12,279),
 (466,'Dortha Yaccarino','dortha@hotmail.com','123','1907-02-14','female','AB+',50,NULL,'7478653','9272097105','6 Chestnut St',20,549);
INSERT INTO `user` (`userid`,`username`,`emailid`,`password`,`dob`,`gender`,`bloodgroup`,`weight`,`odb`,`residencephone`,`mobileno`,`address`,`state`,`city`) VALUES 
 (467,'Diego Augle','diego.augle@gmail.com','123','1909-12-23','female','A+',56,NULL,'7389386','9275359036','4 Peover St',6,166),
 (468,'Peggy Khov','peggy.khov@gmail.com','123','1914-10-24','male','A-',57,NULL,'7642435','9889412632','328 Pallas St',17,421),
 (469,'Walton Yuki','wyuki@gmail.com','123','1914-12-29','male','B+',72,NULL,'7885466','9599640730','9 Waltham Rd',6,167),
 (470,'Vallie Yafaie','vyafaie@hotmail.com','123','1909-03-09','female','B+',47,NULL,'7510588','9367595107','352 Strathmore Rd',31,951),
 (471,'Tony Diazdeleon','tony@gmail.com','123','1912-06-03','female','O+',75,NULL,'7281523','9253208459','529 Llanrwst St',26,733),
 (472,'Val Villot','val@yahoo.com','123','1910-10-19','male','B+',43,NULL,'7515215','9372805790','1980 Tynemouth St',31,895),
 (473,'Mel Picciuto','mel.picciuto@gmail.com','123','1901-08-08','male','B-',53,NULL,'7906341','9698299024','8598 Rumney Rd',31,976),
 (474,'Isabella Piatkowski','isabella_piatkowski@piatkowski.co.uk','123','1913-03-03','male','B+',54,NULL,'7421009','9548490396','9283 Ruth St #81',29,851),
 (475,'Erasmo Rhea','erasmo_rhea@hotmail.com','123','1904-08-12','male','A+',54,NULL,'7526159','9386873985','5544 Sutherland St',21,660),
 (476,'Ivory Lohrenz','ivory@hotmail.com','123','1911-03-15','female','A-',63,NULL,'7907234','9761854895','9 Jackson St',18,458),
 (477,'Nikita Walka','nwalka@hotmail.com','123','1907-01-30','female','O+',70,NULL,'7439867','9699309655','3612 Bixteth St',12,246),
 (478,'Aleta Ligons','aleta_ligons@hotmail.com','123','1903-11-15','male','AB+',62,NULL,'7838944','9783279677','4545 Victoria Rd',29,820),
 (479,'Owen Jentzen','owen_jentzen@jentzen.co.uk','123','1913-02-22','female','AB-',71,NULL,'7393244','9858576558','5 Hampden St',18,485),
 (480,'Pauline Fling','pfling@fling.co.uk','123','1902-04-27','female','B+',67,NULL,'7140456','9391313262','6452 Pilgrim St #5',17,422),
 (481,'Tijuana Machalek','tijuana.machalek@gmail.com','123','1905-06-23','male','A-',67,NULL,'7709378','9555564885','1149 Highfield Rd #996',30,885),
 (482,'Ahmad Alsaqri','ahmad.alsaqri@yahoo.com','123','1915-06-24','female','A+',51,NULL,'7265197','9454308659','21 Pickwick St',7,194),
 (483,'Jamika Conoly','jamika_conoly@conoly.co.uk','123','1901-01-07','male','O+',78,NULL,'7920205','9285459476','19 Soho St',34,1146),
 (484,'Derrick Dolloff','derrick_dolloff@gmail.com','123','1908-05-13','female','O-',54,NULL,'7623660','9555460768','236 Blantyre Rd',17,400),
 (485,'Jacquelyne Reibman','jacquelyne_reibman@yahoo.com','123','1916-03-31','female','AB-',46,NULL,'7768818','9600656007','70 Lilly Rd',21,630),
 (486,'Zachary Freeburger','zachary.freeburger@freeburger.co.uk','123','1913-03-07','female','AB+',76,NULL,'7306662','9252983253','58 Gloucester Rd',31,944),
 (487,'Sophia Gaucher','sophia.gaucher@hotmail.com','123','1903-04-15','male','A+',52,NULL,'7460434','9882464574','88 Upper Harrington St',21,622),
 (488,'Isabelle Kono','isabelle.kono@yahoo.com','123','1910-01-21','female','A-',46,NULL,'7130520','9326823788','4920 Fazakerley Rd',34,1063),
 (489,'Ronnie Brigman','ronnie@brigman.co.uk','123','1917-11-07','male','B+',68,NULL,'7476741','9883218041','6 Morley St',21,652),
 (490,'Krystina Schlabaugh','kschlabaugh@schlabaugh.co.uk','123','1910-08-07','female','B+',71,NULL,'7483724','9721887961','7316 Friar St',17,376),
 (491,'Rosita Ausdemore','rausdemore@hotmail.com','123','1901-03-14','male','O+',45,NULL,'7908748','9473749638','8 Heathfield St #657',4,88),
 (492,'Huey Stancil','hstancil@hotmail.com','123','1900-06-16','female','B+',68,NULL,'7156679','9255970168','275 Peel Sq',2,19),
 (493,'Elbert Fiorino','elbert@hotmail.com','123','1901-01-01','male','B-',74,NULL,'7244698','9693367223','726 Westmoreland Place',4,98),
 (494,'Pura Manciel','pura.manciel@yahoo.com','123','1907-06-27','female','B+',76,NULL,'7701838','9741876275','7 Water St',21,612),
 (495,'Alesia Katie','alesia_katie@gmail.com','123','1904-06-17','male','A+',80,NULL,'7151581','9527904701','4 Covent Garden',31,960),
 (496,'Avery Veit','avery@veit.co.uk','123','1908-08-26','female','A-',68,NULL,'7141900','9527316471','9166 Devon St #905',32,1006),
 (497,'Reid Euresti','reuresti@euresti.co.uk','123','1902-12-12','male','O+',61,NULL,'7836377','9723384128','70 Foster St',22,698),
 (498,'Charlette Brenning','cbrenning@brenning.co.uk','123','1907-12-07','female','AB+',74,NULL,'7256525','9327638592','714 Fonthill Rd',12,232),
 (499,'Celestina Keeny','celestina_keeny@gmail.com','123','1903-04-08','female','AB-',63,NULL,'7424994','9706997193','9 Milton St',20,551),
 (500,'Mi Richan','mi@hotmail.com','123','1901-10-19','female','B+',42,NULL,'7724063','9346051458','6 Norwood Grove',18,480);
/*!40000 ALTER TABLE `user` ENABLE KEYS */;




/*!40101 SET SQL_MODE=@OLD_SQL_MODE */;
/*!40014 SET FOREIGN_KEY_CHECKS=@OLD_FOREIGN_KEY_CHECKS */;
/*!40014 SET UNIQUE_CHECKS=@OLD_UNIQUE_CHECKS */;
/*!40101 SET CHARACTER_SET_CLIENT=@OLD_CHARACTER_SET_CLIENT */;
/*!40101 SET CHARACTER_SET_RESULTS=@OLD_CHARACTER_SET_RESULTS */;
/*!40101 SET COLLATION_CONNECTION=@OLD_COLLATION_CONNECTION */;
/*!40101 SET CHARACTER_SET_CLIENT=@OLD_CHARACTER_SET_CLIENT */;
